"time","index","stdev","SEup","SElo","location","timeseries"
2007-11-08,14.14,"1.37","14.33","13.95","Trinidad Line Stations TH04, TH05","Euphausia pacifica (krill) mean length"
2007-12-11,15.1,"1.21","15.46","14.73","Trinidad Line Stations TH04, TH05","Euphausia pacifica (krill) mean length"
2008-02-17,13.57,"1.55","13.78","13.36","Trinidad Line Stations TH04, TH05","Euphausia pacifica (krill) mean length"
2008-03-05,13.84,"1.49","14.04","13.64","Trinidad Line Stations TH04, TH05","Euphausia pacifica (krill) mean length"
2008-05-16,16.21,"2.11","16.59","15.84","Trinidad Line Stations TH04, TH05","Euphausia pacifica (krill) mean length"
2008-06-20,17.28,"2.14","17.57","17","Trinidad Line Stations TH04, TH05","Euphausia pacifica (krill) mean length"
2008-09-16,13.96,"2.07","14.37","13.55","Trinidad Line Stations TH04, TH05","Euphausia pacifica (krill) mean length"
2008-10-28,15.18,"1.61","15.42","14.95","Trinidad Line Stations TH04, TH05","Euphausia pacifica (krill) mean length"
2009-01-14,14.44,"1.58","14.67","14.21","Trinidad Line Stations TH04, TH05","Euphausia pacifica (krill) mean length"
2009-02-17,13.03,"1.43","13.23","12.83","Trinidad Line Stations TH04, TH05","Euphausia pacifica (krill) mean length"
2009-03-19,13.01,"1.25","13.18","12.84","Trinidad Line Stations TH04, TH05","Euphausia pacifica (krill) mean length"
2009-04-21,16.34,"1.35","16.52","16.17","Trinidad Line Stations TH04, TH05","Euphausia pacifica (krill) mean length"
2009-06-01,16.78,"1.07","16.93","16.63","Trinidad Line Stations TH04, TH05","Euphausia pacifica (krill) mean length"
2009-08-04,15.41,"2.24","15.72","15.1","Trinidad Line Stations TH04, TH05","Euphausia pacifica (krill) mean length"
2009-09-14,12.51,"2.68","12.98","12.04","Trinidad Line Stations TH04, TH05","Euphausia pacifica (krill) mean length"
2009-10-29,11.3,"1.47","11.52","11.08","Trinidad Line Stations TH04, TH05","Euphausia pacifica (krill) mean length"
2010-01-31,12.79,"1.08","12.95","12.63","Trinidad Line Stations TH04, TH05","Euphausia pacifica (krill) mean length"
2010-02-18,12.56,"1.66","12.88","12.25","Trinidad Line Stations TH04, TH05","Euphausia pacifica (krill) mean length"
2010-04-13,9.7,"1.17","10.37","9.02","Trinidad Line Stations TH04, TH05","Euphausia pacifica (krill) mean length"
2010-12-10,10.76,"1.85","11.08","10.44","Trinidad Line Stations TH04, TH05","Euphausia pacifica (krill) mean length"
2011-02-20,10.92,"1.28","11.11","10.73","Trinidad Line Stations TH04, TH05","Euphausia pacifica (krill) mean length"
2011-05-27,15.34,"2.19","15.71","14.97","Trinidad Line Stations TH04, TH05","Euphausia pacifica (krill) mean length"
2011-06-28,15.41,"2.61","15.75","15.07","Trinidad Line Stations TH04, TH05","Euphausia pacifica (krill) mean length"
2011-07-14,14.08,"2.59","14.43","13.73","Trinidad Line Stations TH04, TH05","Euphausia pacifica (krill) mean length"
2011-08-02,16.16,"1.4","16.41","15.91","Trinidad Line Stations TH04, TH05","Euphausia pacifica (krill) mean length"
2011-09-12,12.52,"1.96","12.98","12.07","Trinidad Line Stations TH04, TH05","Euphausia pacifica (krill) mean length"
2011-10-10,10.92,"1.31","11.19","10.65","Trinidad Line Stations TH04, TH05","Euphausia pacifica (krill) mean length"
2011-11-15,10.27,"1.09","10.46","10.08","Trinidad Line Stations TH04, TH05","Euphausia pacifica (krill) mean length"
2011-12-06,10.29,"1.1","10.55","10.03","Trinidad Line Stations TH04, TH05","Euphausia pacifica (krill) mean length"
2012-01-29,10.92,"1.15","11.09","10.76","Trinidad Line Stations TH04, TH05","Euphausia pacifica (krill) mean length"
2012-02-21,12.52,"1.06","12.66","12.39","Trinidad Line Stations TH04, TH05","Euphausia pacifica (krill) mean length"
2012-03-08,12.07,"1.31","12.25","11.89","Trinidad Line Stations TH04, TH05","Euphausia pacifica (krill) mean length"
2012-04-05,12.71,"1.2","12.9","12.52","Trinidad Line Stations TH04, TH05","Euphausia pacifica (krill) mean length"
2012-04-19,12.09,"1.57","12.37","11.81","Trinidad Line Stations TH04, TH05","Euphausia pacifica (krill) mean length"
2012-05-22,14.75,"1.01","14.89","14.6","Trinidad Line Stations TH04, TH05","Euphausia pacifica (krill) mean length"
2012-06-05,14.06,"2.57","14.66","13.46","Trinidad Line Stations TH04, TH05","Euphausia pacifica (krill) mean length"
2012-06-24,11.6,"1.52","12.37","10.84","Trinidad Line Stations TH04, TH05","Euphausia pacifica (krill) mean length"
2012-08-04,14.91,"1.99","15.28","14.54","Trinidad Line Stations TH04, TH05","Euphausia pacifica (krill) mean length"
2012-09-06,11.28,"1.18","11.87","10.7","Trinidad Line Stations TH04, TH05","Euphausia pacifica (krill) mean length"
2012-09-21,12.62,"1.6","13.13","12.12","Trinidad Line Stations TH04, TH05","Euphausia pacifica (krill) mean length"
2012-10-22,12.97,"2.59","13.62","12.32","Trinidad Line Stations TH04, TH05","Euphausia pacifica (krill) mean length"
2012-11-26,11.18,"1.75","11.47","10.88","Trinidad Line Stations TH04, TH05","Euphausia pacifica (krill) mean length"
2012-12-14,9.57,"1.35","9.8","9.34","Trinidad Line Stations TH04, TH05","Euphausia pacifica (krill) mean length"
2013-01-16,11.36,"2.29","11.78","10.94","Trinidad Line Stations TH04, TH05","Euphausia pacifica (krill) mean length"
2013-02-15,11.02,"2.12","11.32","10.73","Trinidad Line Stations TH04, TH05","Euphausia pacifica (krill) mean length"
2013-03-11,14.36,"0.76","14.57","14.15","Trinidad Line Stations TH04, TH05","Euphausia pacifica (krill) mean length"
2013-05-06,14.46,"2.45","14.8","14.12","Trinidad Line Stations TH04, TH05","Euphausia pacifica (krill) mean length"
2013-05-13,14.11,"2.64","14.47","13.75","Trinidad Line Stations TH04, TH05","Euphausia pacifica (krill) mean length"
2013-05-29,10.51,"1.59","10.8","10.22","Trinidad Line Stations TH04, TH05","Euphausia pacifica (krill) mean length"
2013-06-18,15.95,"2.09","16.23","15.66","Trinidad Line Stations TH04, TH05","Euphausia pacifica (krill) mean length"
2013-06-26,15.9,"2.5","16.25","15.55","Trinidad Line Stations TH04, TH05","Euphausia pacifica (krill) mean length"
2013-07-17,15.79,"1.98","16.05","15.53","Trinidad Line Stations TH04, TH05","Euphausia pacifica (krill) mean length"
2013-07-23,10.67,"2.09","11.15","10.19","Trinidad Line Stations TH04, TH05","Euphausia pacifica (krill) mean length"
2013-08-05,14.23,"2.26","14.84","13.61","Trinidad Line Stations TH04, TH05","Euphausia pacifica (krill) mean length"
2013-08-26,13.9,"2.13","14.2","13.59","Trinidad Line Stations TH04, TH05","Euphausia pacifica (krill) mean length"
2013-09-12,15.27,"1.44","15.48","15.07","Trinidad Line Stations TH04, TH05","Euphausia pacifica (krill) mean length"
2013-10-15,14.86,"1.6","15.06","14.65","Trinidad Line Stations TH04, TH05","Euphausia pacifica (krill) mean length"
2013-10-24,12.6,"2.23","12.95","12.26","Trinidad Line Stations TH04, TH05","Euphausia pacifica (krill) mean length"
2013-11-12,14.27,"1.71","14.92","13.63","Trinidad Line Stations TH04, TH05","Euphausia pacifica (krill) mean length"
2014-01-02,11.21,"2.09","11.76","10.66","Trinidad Line Stations TH04, TH05","Euphausia pacifica (krill) mean length"
2014-01-16,11.48,"1.78","11.75","11.2","Trinidad Line Stations TH04, TH05","Euphausia pacifica (krill) mean length"
2014-02-24,11.64,"1","11.8","11.47","Trinidad Line Stations TH04, TH05","Euphausia pacifica (krill) mean length"
2014-04-02,14.19,"1.59","14.42","13.97","Trinidad Line Stations TH04, TH05","Euphausia pacifica (krill) mean length"
2014-04-28,15.57,"1.43","15.76","15.37","Trinidad Line Stations TH04, TH05","Euphausia pacifica (krill) mean length"
2014-06-12,16.05,"1.95","16.34","15.76","Trinidad Line Stations TH04, TH05","Euphausia pacifica (krill) mean length"
2014-07-15,13.12,"3.48","14.33","11.91","Trinidad Line Stations TH04, TH05","Euphausia pacifica (krill) mean length"
2014-08-28,10.21,"3.87","11.58","8.84","Trinidad Line Stations TH04, TH05","Euphausia pacifica (krill) mean length"
2014-09-16,8.16,"2.09","8.6","7.72","Trinidad Line Stations TH04, TH05","Euphausia pacifica (krill) mean length"
2014-10-27,9.18,"1.01","9.43","8.93","Trinidad Line Stations TH04, TH05","Euphausia pacifica (krill) mean length"
2015-01-05,8.65,"0.83","8.77","8.54","Trinidad Line Stations TH04, TH05","Euphausia pacifica (krill) mean length"
2015-01-13,9.04,"0.82","9.18","8.89","Trinidad Line Stations TH04, TH05","Euphausia pacifica (krill) mean length"
2015-02-13,10.95,"0.51","11.15","10.75","Trinidad Line Stations TH04, TH05","Euphausia pacifica (krill) mean length"
2015-03-10,12.87,"0.92","13","12.75","Trinidad Line Stations TH04, TH05","Euphausia pacifica (krill) mean length"
2015-04-27,12.83,"2.44","13.18","12.48","Trinidad Line Stations TH04, TH05","Euphausia pacifica (krill) mean length"
2015-05-13,12.71,"3.19","13.12","12.3","Trinidad Line Stations TH04, TH05","Euphausia pacifica (krill) mean length"
2015-08-02,8.96,"1.12","9.24","8.68","Trinidad Line Stations TH04, TH05","Euphausia pacifica (krill) mean length"
2015-08-11,10.29,"2.15","10.62","9.96","Trinidad Line Stations TH04, TH05","Euphausia pacifica (krill) mean length"
2015-09-15,8.92,"1.59","9.13","8.71","Trinidad Line Stations TH04, TH05","Euphausia pacifica (krill) mean length"
2015-10-19,10.25,"1.73","10.51","9.99","Trinidad Line Stations TH04, TH05","Euphausia pacifica (krill) mean length"
2015-11-22,9.84,"1.2","10","9.68","Trinidad Line Stations TH04, TH05","Euphausia pacifica (krill) mean length"
2016-01-24,9.65,"1.27","9.9","9.41","Trinidad Line Stations TH04, TH05","Euphausia pacifica (krill) mean length"
2016-02-09,9.63,"1.69","10","9.25","Trinidad Line Stations TH04, TH05","Euphausia pacifica (krill) mean length"
2016-03-18,10.42,"2.22","11.57","9.28","Trinidad Line Stations TH04, TH05","Euphausia pacifica (krill) mean length"
2016-04-19,11.05,"2.48","11.46","10.63","Trinidad Line Stations TH04, TH05","Euphausia pacifica (krill) mean length"
2016-05-12,9.84,"2.21","10.15","9.53","Trinidad Line Stations TH04, TH05","Euphausia pacifica (krill) mean length"
2016-06-14,11.17,"1.72","11.64","10.69","Trinidad Line Stations TH04, TH05","Euphausia pacifica (krill) mean length"
2016-07-18,11.04,"2.66","11.52","10.55","Trinidad Line Stations TH04, TH05","Euphausia pacifica (krill) mean length"
2016-08-29,10.36,"2.33","10.95","9.77","Trinidad Line Stations TH04, TH05","Euphausia pacifica (krill) mean length"
2016-09-14,10.62,"1.72","10.86","10.38","Trinidad Line Stations TH04, TH05","Euphausia pacifica (krill) mean length"
2016-11-21,9.63,"1.46","9.84","9.43","Trinidad Line Stations TH04, TH05","Euphausia pacifica (krill) mean length"
2016-12-13,10.2,"1.42","10.41","9.99","Trinidad Line Stations TH04, TH05","Euphausia pacifica (krill) mean length"
2017-01-27,11.19,"1.41","11.39","10.99","Trinidad Line Stations TH04, TH05","Euphausia pacifica (krill) mean length"
2017-02-13,12.15,"1.1","12.31","11.99","Trinidad Line Stations TH04, TH05","Euphausia pacifica (krill) mean length"
2017-04-04,9.68,"1.85","9.97","9.39","Trinidad Line Stations TH04, TH05","Euphausia pacifica (krill) mean length"
2017-04-25,12.31,"2.77","12.74","11.87","Trinidad Line Stations TH04, TH05","Euphausia pacifica (krill) mean length"
2017-05-30,14.47,"2.29","14.79","14.14","Trinidad Line Stations TH04, TH05","Euphausia pacifica (krill) mean length"
2017-07-05,12.68,"1.4","12.89","12.47","Trinidad Line Stations TH04, TH05","Euphausia pacifica (krill) mean length"
2017-09-05,13.95,"2.07","14.41","13.49","Trinidad Line Stations TH04, TH05","Euphausia pacifica (krill) mean length"
2017-10-04,13.39,"2.57","13.75","13.03","Trinidad Line Stations TH04, TH05","Euphausia pacifica (krill) mean length"
2017-12-05,10.78,"1.73","11.02","10.54","Trinidad Line Stations TH04, TH05","Euphausia pacifica (krill) mean length"
2018-02-08,11.64,"1.53","11.86","11.42","Trinidad Line Stations TH04, TH05","Euphausia pacifica (krill) mean length"
2018-03-06,12.78,"1.16","12.95","12.62","Trinidad Line Stations TH04, TH05","Euphausia pacifica (krill) mean length"
2018-04-25,15.16,"1.56","15.38","14.94","Trinidad Line Stations TH04, TH05","Euphausia pacifica (krill) mean length"
2018-06-19,14.54,"2.77","14.93","14.15","Trinidad Line Stations TH04, TH05","Euphausia pacifica (krill) mean length"
2018-07-23,14.12,"2.42","14.63","13.61","Trinidad Line Stations TH04, TH05","Euphausia pacifica (krill) mean length"
2018-08-30,14.45,"1.62","14.7","14.2","Trinidad Line Stations TH04, TH05","Euphausia pacifica (krill) mean length"
2018-09-26,12.85,"2.05","13.15","12.56","Trinidad Line Stations TH04, TH05","Euphausia pacifica (krill) mean length"
2018-10-23,11.43,"2.24","11.75","11.11","Trinidad Line Stations TH04, TH05","Euphausia pacifica (krill) mean length"
2018-12-04,11.06,"1.55","11.33","10.78","Trinidad Line Stations TH04, TH05","Euphausia pacifica (krill) mean length"
2019-01-22,11.52,"1.53","11.74","11.29","Trinidad Line Stations TH04, TH05","Euphausia pacifica (krill) mean length"
2019-02-28,10.64,"1.64","10.88","10.41","Trinidad Line Stations TH04, TH05","Euphausia pacifica (krill) mean length"
2019-04-03,12.75,"2.22","13.07","12.43","Trinidad Line Stations TH04, TH05","Euphausia pacifica (krill) mean length"
2019-04-18,7.46,"0.99","7.66","7.26","Trinidad Line Stations TH04, TH05","Euphausia pacifica (krill) mean length"
2019-06-11,12.75,"2.59","13.12","12.39","Trinidad Line Stations TH04, TH05","Euphausia pacifica (krill) mean length"
2019-07-09,10.21,"0.72","10.48","9.94","Trinidad Line Stations TH04, TH05","Euphausia pacifica (krill) mean length"
2019-08-19,12.59,"2.51","13.06","12.13","Trinidad Line Stations TH04, TH05","Euphausia pacifica (krill) mean length"
2019-10-30,11.23,"2.07","11.52","10.94","Trinidad Line Stations TH04, TH05","Euphausia pacifica (krill) mean length"
2019-12-03,10.91,"1.49","11.13","10.68","Trinidad Line Stations TH04, TH05","Euphausia pacifica (krill) mean length"
2020-01-06,10.62,"1.61","10.89","10.36","Trinidad Line Stations TH04, TH05","Euphausia pacifica (krill) mean length"
2020-02-19,13.11,"1.52","13.32","12.89","Trinidad Line Stations TH04, TH05","Euphausia pacifica (krill) mean length"
2020-03-09,13.67,"1.16","13.83","13.51","Trinidad Line Stations TH04, TH05","Euphausia pacifica (krill) mean length"
2020-06-10,15.16,"1.87","15.42","14.89","Trinidad Line Stations TH04, TH05","Euphausia pacifica (krill) mean length"
2020-07-30,13.31,"1.97","13.65","12.98","Trinidad Line Stations TH04, TH05","Euphausia pacifica (krill) mean length"
2020-08-20,14.8,"1.84","15.09","14.51","Trinidad Line Stations TH04, TH05","Euphausia pacifica (krill) mean length"
2020-09-30,10.09,"NaN","NaN","NaN","Trinidad Line Stations TH04, TH05","Euphausia pacifica (krill) mean length"
2020-10-29,11.02,"1.38","11.22","10.83","Trinidad Line Stations TH04, TH05","Euphausia pacifica (krill) mean length"
2021-06-22,14.29,"2.9","14.72","13.86","Trinidad Line Stations TH04, TH05","Euphausia pacifica (krill) mean length"
2021-07-27,10.48,"1.78","10.9","10.06","Trinidad Line Stations TH04, TH05","Euphausia pacifica (krill) mean length"
2021-09-07,11.76,"1.68","12","11.52","Trinidad Line Stations TH04, TH05","Euphausia pacifica (krill) mean length"
2021-11-14,11.6,"1.62","11.84","11.37","Trinidad Line Stations TH04, TH05","Euphausia pacifica (krill) mean length"
2021-12-06,11.52,"1.8","11.79","11.25","Trinidad Line Stations TH04, TH05","Euphausia pacifica (krill) mean length"
2022-01-17,11.13,"1.51","11.35","10.92","Trinidad Line Stations TH04, TH05","Euphausia pacifica (krill) mean length"
2022-02-13,11.06,"1.23","11.23","10.89","Trinidad Line Stations TH04, TH05","Euphausia pacifica (krill) mean length"
2022-03-17,13.27,"1.33","13.47","13.07","Trinidad Line Stations TH04, TH05","Euphausia pacifica (krill) mean length"
2022-04-14,12.06,"2.63","12.47","11.65","Trinidad Line Stations TH04, TH05","Euphausia pacifica (krill) mean length"
2022-05-18,11.21,"1.84","11.55","10.86","Trinidad Line Stations TH04, TH05","Euphausia pacifica (krill) mean length"
2022-07-08,13.43,"2.19","13.75","13.11","Trinidad Line Stations TH04, TH05","Euphausia pacifica (krill) mean length"
2022-08-22,11.7,"2.29","12.45","10.95","Trinidad Line Stations TH04, TH05","Euphausia pacifica (krill) mean length"
2022-09-12,12.2,"1.63","12.47","11.94","Trinidad Line Stations TH04, TH05","Euphausia pacifica (krill) mean length"
2022-10-16,12.15,"1.59","12.38","11.92","Trinidad Line Stations TH04, TH05","Euphausia pacifica (krill) mean length"
2022-11-10,11.44,"1.75","12.06","10.82","Trinidad Line Stations TH04, TH05","Euphausia pacifica (krill) mean length"
2022-12-06,11.94,"1.52","12.25","11.63","Trinidad Line Stations TH04, TH05","Euphausia pacifica (krill) mean length"
2023-02-09,11.22,"1.65","11.46","10.99","Trinidad Line Stations TH04, TH05","Euphausia pacifica (krill) mean length"
2023-03-17,14.46,"1.04","14.67","14.26","Trinidad Line Stations TH04, TH05","Euphausia pacifica (krill) mean length"
2023-04-04,11.38,"2.72","12.02","10.74","Trinidad Line Stations TH04, TH05","Euphausia pacifica (krill) mean length"
2023-05-10,12.56,"3.27","13.02","12.09","Trinidad Line Stations TH04, TH05","Euphausia pacifica (krill) mean length"
2023-06-08,11.21,"2.64","11.59","10.82","Trinidad Line Stations TH04, TH05","Euphausia pacifica (krill) mean length"
2023-07-09,13.51,"1.83","13.92","13.1","Trinidad Line Stations TH04, TH05","Euphausia pacifica (krill) mean length"
2023-08-09,12.71,"1.94","13","12.41","Trinidad Line Stations TH04, TH05","Euphausia pacifica (krill) mean length"
2023-09-22,12.9,"2.02","13.19","12.62","Trinidad Line Stations TH04, TH05","Euphausia pacifica (krill) mean length"
2023-10-31,9.14,"1.38","9.37","8.91","Trinidad Line Stations TH04, TH05","Euphausia pacifica (krill) mean length"
2023-11-29,9.8,"1.18","10.06","9.54","Trinidad Line Stations TH04, TH05","Euphausia pacifica (krill) mean length"
2024-03-08,10.65,"1.96","11.44","9.85","Trinidad Line Stations TH04, TH05","Euphausia pacifica (krill) mean length"
2024-04-19,13.23,"2.58","13.71","12.75","Trinidad Line Stations TH04, TH05","Euphausia pacifica (krill) mean length"
2024-05-24,15.28,"2.02","15.62","14.94","Trinidad Line Stations TH04, TH05","Euphausia pacifica (krill) mean length"
2024-07-05,13.38,"3.03","14.74","12.02","Trinidad Line Stations TH04, TH05","Euphausia pacifica (krill) mean length"
2024-08-01,12.94,"1.73","13.22","12.66","Trinidad Line Stations TH04, TH05","Euphausia pacifica (krill) mean length"
2024-09-04,12.31,"2.85","13.54","11.08","Trinidad Line Stations TH04, TH05","Euphausia pacifica (krill) mean length"
2007-11-08,2416.52,"740","2519.25","2313.79","Trinidad Line Stations TH04, TH05","Euphausia pacifica (krill) adult mean biomass"
2007-12-11,41.77,"9.85","44.74","38.8","Trinidad Line Stations TH04, TH05","Euphausia pacifica (krill) adult mean biomass"
2008-02-17,197.07,"137.58","215.8","178.35","Trinidad Line Stations TH04, TH05","Euphausia pacifica (krill) adult mean biomass"
2008-03-05,1287.13,"416.86","1343.86","1230.39","Trinidad Line Stations TH04, TH05","Euphausia pacifica (krill) adult mean biomass"
2008-05-16,116.29,"41.09","123.61","108.97","Trinidad Line Stations TH04, TH05","Euphausia pacifica (krill) adult mean biomass"
2008-06-20,3622.94,"1181.75","3779.86","3466.02","Trinidad Line Stations TH04, TH05","Euphausia pacifica (krill) adult mean biomass"
2008-09-16,825.43,"354.71","894.7","756.17","Trinidad Line Stations TH04, TH05","Euphausia pacifica (krill) adult mean biomass"
2008-10-28,514.2,"163.37","537.76","490.63","Trinidad Line Stations TH04, TH05","Euphausia pacifica (krill) adult mean biomass"
2009-01-14,151.24,"51.5","158.73","143.75","Trinidad Line Stations TH04, TH05","Euphausia pacifica (krill) adult mean biomass"
2009-02-17,3773.49,"1357.79","3966.04","3580.94","Trinidad Line Stations TH04, TH05","Euphausia pacifica (krill) adult mean biomass"
2009-03-19,1864.96,"606.06","1948.03","1781.89","Trinidad Line Stations TH04, TH05","Euphausia pacifica (krill) adult mean biomass"
2009-04-21,1802.77,"408.51","1857.47","1748.08","Trinidad Line Stations TH04, TH05","Euphausia pacifica (krill) adult mean biomass"
2009-06-01,1835.03,"358.95","1885.22","1784.83","Trinidad Line Stations TH04, TH05","Euphausia pacifica (krill) adult mean biomass"
2009-08-04,1291.92,"525.54","1364.46","1219.39","Trinidad Line Stations TH04, TH05","Euphausia pacifica (krill) adult mean biomass"
2009-09-14,2781.81,"2052.17","3145.23","2418.39","Trinidad Line Stations TH04, TH05","Euphausia pacifica (krill) adult mean biomass"
2009-10-29,1128.3,"529.41","1208.18","1048.42","Trinidad Line Stations TH04, TH05","Euphausia pacifica (krill) adult mean biomass"
2010-01-31,409.43,"105.2","425.02","393.84","Trinidad Line Stations TH04, TH05","Euphausia pacifica (krill) adult mean biomass"
2010-02-18,256.58,"95.17","274.53","238.63","Trinidad Line Stations TH04, TH05","Euphausia pacifica (krill) adult mean biomass"
2010-04-13,29.59,"11.14","36.03","23.16","Trinidad Line Stations TH04, TH05","Euphausia pacifica (krill) adult mean biomass"
2010-12-10,319.26,"195.79","353.22","285.31","Trinidad Line Stations TH04, TH05","Euphausia pacifica (krill) adult mean biomass"
2011-02-20,116.25,"40.75","122.34","110.16","Trinidad Line Stations TH04, TH05","Euphausia pacifica (krill) adult mean biomass"
2011-05-27,518.63,"193.82","551.24","486.02","Trinidad Line Stations TH04, TH05","Euphausia pacifica (krill) adult mean biomass"
2011-06-28,2670.91,"1132.76","2818.38","2523.44","Trinidad Line Stations TH04, TH05","Euphausia pacifica (krill) adult mean biomass"
2011-07-14,627.48,"325.09","670.92","584.03","Trinidad Line Stations TH04, TH05","Euphausia pacifica (krill) adult mean biomass"
2011-08-02,1983.4,"530.97","2072.12","1894.67","Trinidad Line Stations TH04, TH05","Euphausia pacifica (krill) adult mean biomass"
2011-09-12,265.98,"134.96","297.61","234.35","Trinidad Line Stations TH04, TH05","Euphausia pacifica (krill) adult mean biomass"
2011-10-10,513.48,"216.63","558.19","468.78","Trinidad Line Stations TH04, TH05","Euphausia pacifica (krill) adult mean biomass"
2011-11-15,662.83,"241.22","705.47","620.18","Trinidad Line Stations TH04, TH05","Euphausia pacifica (krill) adult mean biomass"
2011-12-06,207.74,"78.57","226.3","189.18","Trinidad Line Stations TH04, TH05","Euphausia pacifica (krill) adult mean biomass"
2012-01-29,978.54,"343.61","1027.93","929.14","Trinidad Line Stations TH04, TH05","Euphausia pacifica (krill) adult mean biomass"
2012-02-21,1503.47,"388.37","1552.2","1454.75","Trinidad Line Stations TH04, TH05","Euphausia pacifica (krill) adult mean biomass"
2012-03-08,190.6,"66.98","199.93","181.27","Trinidad Line Stations TH04, TH05","Euphausia pacifica (krill) adult mean biomass"
2012-04-05,131.6,"37.48","137.38","125.83","Trinidad Line Stations TH04, TH05","Euphausia pacifica (krill) adult mean biomass"
2012-04-19,80.08,"31.08","85.56","74.59","Trinidad Line Stations TH04, TH05","Euphausia pacifica (krill) adult mean biomass"
2012-05-22,2252.53,"484.28","2322.3","2182.76","Trinidad Line Stations TH04, TH05","Euphausia pacifica (krill) adult mean biomass"
2012-06-05,71.93,"29.98","78.99","64.86","Trinidad Line Stations TH04, TH05","Euphausia pacifica (krill) adult mean biomass"
2012-06-24,23.85,"10.62","29.16","18.54","Trinidad Line Stations TH04, TH05","Euphausia pacifica (krill) adult mean biomass"
2012-08-04,294.52,"126.57","317.59","271.46","Trinidad Line Stations TH04, TH05","Euphausia pacifica (krill) adult mean biomass"
2012-09-06,94.64,"30.95","110.11","79.17","Trinidad Line Stations TH04, TH05","Euphausia pacifica (krill) adult mean biomass"
2012-09-21,577.94,"243.52","654.6","501.29","Trinidad Line Stations TH04, TH05","Euphausia pacifica (krill) adult mean biomass"
2012-10-22,733.48,"504.53","859.61","607.35","Trinidad Line Stations TH04, TH05","Euphausia pacifica (krill) adult mean biomass"
2012-11-26,473.94,"259.88","518.11","429.76","Trinidad Line Stations TH04, TH05","Euphausia pacifica (krill) adult mean biomass"
2012-12-14,165,"83.44","179.31","150.69","Trinidad Line Stations TH04, TH05","Euphausia pacifica (krill) adult mean biomass"
2013-01-16,286.73,"199.77","323.45","250.02","Trinidad Line Stations TH04, TH05","Euphausia pacifica (krill) adult mean biomass"
2013-02-15,339.33,"209.41","368.18","310.48","Trinidad Line Stations TH04, TH05","Euphausia pacifica (krill) adult mean biomass"
2013-03-11,64.08,"7.93","66.28","61.89","Trinidad Line Stations TH04, TH05","Euphausia pacifica (krill) adult mean biomass"
2013-05-06,618.79,"289.91","658.38","579.21","Trinidad Line Stations TH04, TH05","Euphausia pacifica (krill) adult mean biomass"
2013-05-13,1849.3,"939.57","1976.35","1722.25","Trinidad Line Stations TH04, TH05","Euphausia pacifica (krill) adult mean biomass"
2013-05-29,123.67,"68.71","136.38","110.95","Trinidad Line Stations TH04, TH05","Euphausia pacifica (krill) adult mean biomass"
2013-06-18,997.83,"353.79","1045.89","949.78","Trinidad Line Stations TH04, TH05","Euphausia pacifica (krill) adult mean biomass"
2013-06-26,1021.45,"438.33","1082.4","960.5","Trinidad Line Stations TH04, TH05","Euphausia pacifica (krill) adult mean biomass"
2013-07-17,3161.54,"1117.62","3309.33","3013.75","Trinidad Line Stations TH04, TH05","Euphausia pacifica (krill) adult mean biomass"
2013-07-23,17.43,"16.3","21.17","13.69","Trinidad Line Stations TH04, TH05","Euphausia pacifica (krill) adult mean biomass"
2013-08-05,233.73,"123.27","267.85","199.61","Trinidad Line Stations TH04, TH05","Euphausia pacifica (krill) adult mean biomass"
2013-08-26,1865.47,"922.81","1995.97","1734.96","Trinidad Line Stations TH04, TH05","Euphausia pacifica (krill) adult mean biomass"
2013-09-12,1385.63,"387.79","1441.28","1329.98","Trinidad Line Stations TH04, TH05","Euphausia pacifica (krill) adult mean biomass"
2013-10-15,1005.12,"336.49","1048","962.25","Trinidad Line Stations TH04, TH05","Euphausia pacifica (krill) adult mean biomass"
2013-10-24,836.66,"479.4","911.41","761.92","Trinidad Line Stations TH04, TH05","Euphausia pacifica (krill) adult mean biomass"
2013-11-12,114.34,"37.51","128.52","100.17","Trinidad Line Stations TH04, TH05","Euphausia pacifica (krill) adult mean biomass"
2014-01-02,57.32,"34.99","66.5","48.14","Trinidad Line Stations TH04, TH05","Euphausia pacifica (krill) adult mean biomass"
2014-01-16,265.97,"143.54","288.06","243.89","Trinidad Line Stations TH04, TH05","Euphausia pacifica (krill) adult mean biomass"
2014-02-24,280,"76.59","292.82","267.19","Trinidad Line Stations TH04, TH05","Euphausia pacifica (krill) adult mean biomass"
2014-04-02,423.85,"145.29","444.29","403.42","Trinidad Line Stations TH04, TH05","Euphausia pacifica (krill) adult mean biomass"
2014-04-28,2302.64,"638.62","2389.14","2216.14","Trinidad Line Stations TH04, TH05","Euphausia pacifica (krill) adult mean biomass"
2014-06-12,1756.18,"551.7","1838.53","1673.83","Trinidad Line Stations TH04, TH05","Euphausia pacifica (krill) adult mean biomass"
2014-07-15,562.27,"391.26","698.04","426.51","Trinidad Line Stations TH04, TH05","Euphausia pacifica (krill) adult mean biomass"
2014-08-28,252.99,"309.17","362.3","143.68","Trinidad Line Stations TH04, TH05","Euphausia pacifica (krill) adult mean biomass"
2014-09-16,185.5,"212.92","229.93","141.07","Trinidad Line Stations TH04, TH05","Euphausia pacifica (krill) adult mean biomass"
2014-10-27,400.47,"148.04","437.2","363.75","Trinidad Line Stations TH04, TH05","Euphausia pacifica (krill) adult mean biomass"
2015-01-05,200.31,"62.29","209.14","191.48","Trinidad Line Stations TH04, TH05","Euphausia pacifica (krill) adult mean biomass"
2015-01-13,83.8,"25.66","88.43","79.18","Trinidad Line Stations TH04, TH05","Euphausia pacifica (krill) adult mean biomass"
2015-02-13,52.04,"7.71","55.09","48.99","Trinidad Line Stations TH04, TH05","Euphausia pacifica (krill) adult mean biomass"
2015-03-10,690.11,"146.81","709.9","670.31","Trinidad Line Stations TH04, TH05","Euphausia pacifica (krill) adult mean biomass"
2015-04-27,1513.95,"716.2","1615.72","1412.18","Trinidad Line Stations TH04, TH05","Euphausia pacifica (krill) adult mean biomass"
2015-05-13,1033.36,"767.34","1132.02","934.7","Trinidad Line Stations TH04, TH05","Euphausia pacifica (krill) adult mean biomass"
2015-08-02,155.68,"67.43","172.7","138.66","Trinidad Line Stations TH04, TH05","Euphausia pacifica (krill) adult mean biomass"
2015-08-11,846.38,"627.1","941.32","751.44","Trinidad Line Stations TH04, TH05","Euphausia pacifica (krill) adult mean biomass"
2015-09-15,395.45,"281.85","432.92","357.99","Trinidad Line Stations TH04, TH05","Euphausia pacifica (krill) adult mean biomass"
2015-10-19,407.93,"212.87","440.51","375.34","Trinidad Line Stations TH04, TH05","Euphausia pacifica (krill) adult mean biomass"
2015-11-22,222.3,"85.34","233.75","210.85","Trinidad Line Stations TH04, TH05","Euphausia pacifica (krill) adult mean biomass"
2016-01-24,57.65,"25.44","62.64","52.66","Trinidad Line Stations TH04, TH05","Euphausia pacifica (krill) adult mean biomass"
2016-02-09,33.01,"17.74","36.98","29.04","Trinidad Line Stations TH04, TH05","Euphausia pacifica (krill) adult mean biomass"
2016-03-18,39.92,"22.53","51.46","28.37","Trinidad Line Stations TH04, TH05","Euphausia pacifica (krill) adult mean biomass"
2016-04-19,224.85,"167.29","252.72","196.98","Trinidad Line Stations TH04, TH05","Euphausia pacifica (krill) adult mean biomass"
2016-05-12,671.91,"521.97","745.73","598.1","Trinidad Line Stations TH04, TH05","Euphausia pacifica (krill) adult mean biomass"
2016-06-14,358.64,"181.8","408.53","308.75","Trinidad Line Stations TH04, TH05","Euphausia pacifica (krill) adult mean biomass"
2016-07-18,914.27,"600.21","1016.21","812.32","Trinidad Line Stations TH04, TH05","Euphausia pacifica (krill) adult mean biomass"
2016-08-29,352.48,"293.86","424.31","280.64","Trinidad Line Stations TH04, TH05","Euphausia pacifica (krill) adult mean biomass"
2016-09-14,633.24,"335.37","680.67","585.81","Trinidad Line Stations TH04, TH05","Euphausia pacifica (krill) adult mean biomass"
2016-11-21,354.83,"209.42","384.44","325.21","Trinidad Line Stations TH04, TH05","Euphausia pacifica (krill) adult mean biomass"
2016-12-13,279.47,"132.83","298.77","260.18","Trinidad Line Stations TH04, TH05","Euphausia pacifica (krill) adult mean biomass"
2017-01-27,303.32,"127.39","321.33","285.3","Trinidad Line Stations TH04, TH05","Euphausia pacifica (krill) adult mean biomass"
2017-02-13,153.34,"42.33","159.58","147.11","Trinidad Line Stations TH04, TH05","Euphausia pacifica (krill) adult mean biomass"
2017-04-04,108.9,"74.52","120.05","97.75","Trinidad Line Stations TH04, TH05","Euphausia pacifica (krill) adult mean biomass"
2017-04-25,911.76,"532.96","996.02","827.49","Trinidad Line Stations TH04, TH05","Euphausia pacifica (krill) adult mean biomass"
2017-05-30,778.72,"317.13","823.79","733.66","Trinidad Line Stations TH04, TH05","Euphausia pacifica (krill) adult mean biomass"
2017-07-05,701.35,"262.29","740.24","662.45","Trinidad Line Stations TH04, TH05","Euphausia pacifica (krill) adult mean biomass"
2017-09-05,231.11,"83.58","249.79","212.43","Trinidad Line Stations TH04, TH05","Euphausia pacifica (krill) adult mean biomass"
2017-10-04,192.25,"105.39","207.15","177.35","Trinidad Line Stations TH04, TH05","Euphausia pacifica (krill) adult mean biomass"
2017-12-05,987,"573.69","1068.14","905.87","Trinidad Line Stations TH04, TH05","Euphausia pacifica (krill) adult mean biomass"
2018-02-08,618.54,"259","655.43","581.66","Trinidad Line Stations TH04, TH05","Euphausia pacifica (krill) adult mean biomass"
2018-03-06,2208.23,"643.99","2300.1","2116.35","Trinidad Line Stations TH04, TH05","Euphausia pacifica (krill) adult mean biomass"
2018-04-25,3863.25,"1065.23","4013.89","3712.6","Trinidad Line Stations TH04, TH05","Euphausia pacifica (krill) adult mean biomass"
2018-06-19,957.19,"479.31","1024.72","889.67","Trinidad Line Stations TH04, TH05","Euphausia pacifica (krill) adult mean biomass"
2018-07-23,486.22,"227.19","534.12","438.32","Trinidad Line Stations TH04, TH05","Euphausia pacifica (krill) adult mean biomass"
2018-08-30,773.73,"241.79","810.76","736.7","Trinidad Line Stations TH04, TH05","Euphausia pacifica (krill) adult mean biomass"
2018-09-26,339.32,"170.67","364.03","314.61","Trinidad Line Stations TH04, TH05","Euphausia pacifica (krill) adult mean biomass"
2018-10-23,405.5,"298.62","447.96","363.04","Trinidad Line Stations TH04, TH05","Euphausia pacifica (krill) adult mean biomass"
2018-12-04,151.67,"75.5","164.85","138.49","Trinidad Line Stations TH04, TH05","Euphausia pacifica (krill) adult mean biomass"
2019-01-22,410.78,"173.33","436.22","385.34","Trinidad Line Stations TH04, TH05","Euphausia pacifica (krill) adult mean biomass"
2019-02-28,309.42,"136.77","328.76","290.07","Trinidad Line Stations TH04, TH05","Euphausia pacifica (krill) adult mean biomass"
2019-04-03,477.02,"209.37","507.06","446.97","Trinidad Line Stations TH04, TH05","Euphausia pacifica (krill) adult mean biomass"
2019-04-18,63.33,"26.06","68.56","58.1","Trinidad Line Stations TH04, TH05","Euphausia pacifica (krill) adult mean biomass"
2019-06-11,1224.27,"676.64","1319.96","1128.58","Trinidad Line Stations TH04, TH05","Euphausia pacifica (krill) adult mean biomass"
2019-07-09,84.3,"36.34","98.03","70.56","Trinidad Line Stations TH04, TH05","Euphausia pacifica (krill) adult mean biomass"
2019-08-19,333.66,"182.55","366.49","300.82","Trinidad Line Stations TH04, TH05","Euphausia pacifica (krill) adult mean biomass"
2019-10-30,558.35,"327.67","604.74","511.97","Trinidad Line Stations TH04, TH05","Euphausia pacifica (krill) adult mean biomass"
2019-12-03,156.31,"70.2","166.71","145.91","Trinidad Line Stations TH04, TH05","Euphausia pacifica (krill) adult mean biomass"
2020-01-06,38.14,"19.35","41.33","34.95","Trinidad Line Stations TH04, TH05","Euphausia pacifica (krill) adult mean biomass"
2020-02-19,1004,"661.98","1097.62","910.39","Trinidad Line Stations TH04, TH05","Euphausia pacifica (krill) adult mean biomass"
2020-03-09,303.66,"77.95","314.68","292.63","Trinidad Line Stations TH04, TH05","Euphausia pacifica (krill) adult mean biomass"
2020-06-10,5162.29,"1573.75","5384.85","4939.73","Trinidad Line Stations TH04, TH05","Euphausia pacifica (krill) adult mean biomass"
2020-07-30,881.43,"436.57","956.26","806.61","Trinidad Line Stations TH04, TH05","Euphausia pacifica (krill) adult mean biomass"
2020-08-20,1919.02,"692.4","2025.74","1812.3","Trinidad Line Stations TH04, TH05","Euphausia pacifica (krill) adult mean biomass"
2020-09-30,4.64,"NaN","NaN","NaN","Trinidad Line Stations TH04, TH05","Euphausia pacifica (krill) adult mean biomass"
2020-10-29,1291.61,"481.22","1359.66","1223.55","Trinidad Line Stations TH04, TH05","Euphausia pacifica (krill) adult mean biomass"
2021-06-22,545.02,"283.64","587.3","502.74","Trinidad Line Stations TH04, TH05","Euphausia pacifica (krill) adult mean biomass"
2021-07-27,44.69,"32.88","52.44","36.94","Trinidad Line Stations TH04, TH05","Euphausia pacifica (krill) adult mean biomass"
2021-09-07,1662.57,"777.71","1772.55","1552.58","Trinidad Line Stations TH04, TH05","Euphausia pacifica (krill) adult mean biomass"
2021-11-14,802.62,"340.76","851.97","753.27","Trinidad Line Stations TH04, TH05","Euphausia pacifica (krill) adult mean biomass"
2021-12-06,88.42,"40.78","94.58","82.25","Trinidad Line Stations TH04, TH05","Euphausia pacifica (krill) adult mean biomass"
2022-01-17,257.01,"113.05","272.99","241.02","Trinidad Line Stations TH04, TH05","Euphausia pacifica (krill) adult mean biomass"
2022-02-13,653.82,"236.85","687.32","620.33","Trinidad Line Stations TH04, TH05","Euphausia pacifica (krill) adult mean biomass"
2022-03-17,580.63,"164.01","605.16","556.1","Trinidad Line Stations TH04, TH05","Euphausia pacifica (krill) adult mean biomass"
2022-04-14,468.1,"265.83","509.44","426.76","Trinidad Line Stations TH04, TH05","Euphausia pacifica (krill) adult mean biomass"
2022-05-18,160.34,"96.28","177.6","143.08","Trinidad Line Stations TH04, TH05","Euphausia pacifica (krill) adult mean biomass"
2022-07-08,197.52,"98.46","211.66","183.38","Trinidad Line Stations TH04, TH05","Euphausia pacifica (krill) adult mean biomass"
2022-08-22,132.59,"78.12","157.41","107.77","Trinidad Line Stations TH04, TH05","Euphausia pacifica (krill) adult mean biomass"
2022-09-12,983.55,"399.45","1047.96","919.13","Trinidad Line Stations TH04, TH05","Euphausia pacifica (krill) adult mean biomass"
2022-10-16,253.43,"106.24","268.92","237.93","Trinidad Line Stations TH04, TH05","Euphausia pacifica (krill) adult mean biomass"
2022-11-10,39.77,"20.73","47.22","32.33","Trinidad Line Stations TH04, TH05","Euphausia pacifica (krill) adult mean biomass"
2022-12-06,103.91,"39.16","111.59","96.22","Trinidad Line Stations TH04, TH05","Euphausia pacifica (krill) adult mean biomass"
2023-02-09,460.3,"200.62","488.68","431.93","Trinidad Line Stations TH04, TH05","Euphausia pacifica (krill) adult mean biomass"
2023-03-17,981.26,"227.28","1026.72","935.81","Trinidad Line Stations TH04, TH05","Euphausia pacifica (krill) adult mean biomass"
2023-04-04,65.94,"45.45","76.65","55.23","Trinidad Line Stations TH04, TH05","Euphausia pacifica (krill) adult mean biomass"
2023-05-10,2007.91,"1372.74","2202.04","1813.77","Trinidad Line Stations TH04, TH05","Euphausia pacifica (krill) adult mean biomass"
2023-06-08,207.4,"167.17","231.6","183.2","Trinidad Line Stations TH04, TH05","Euphausia pacifica (krill) adult mean biomass"
2023-07-09,647.54,"246.58","702.44","592.64","Trinidad Line Stations TH04, TH05","Euphausia pacifica (krill) adult mean biomass"
2023-08-09,1334,"610.49","1427.63","1240.37","Trinidad Line Stations TH04, TH05","Euphausia pacifica (krill) adult mean biomass"
2023-09-22,1039.74,"472.79","1106.42","973.06","Trinidad Line Stations TH04, TH05","Euphausia pacifica (krill) adult mean biomass"
2023-10-31,335.61,"175.11","364.42","306.81","Trinidad Line Stations TH04, TH05","Euphausia pacifica (krill) adult mean biomass"
2023-11-29,52.64,"21.23","57.45","47.82","Trinidad Line Stations TH04, TH05","Euphausia pacifica (krill) adult mean biomass"
2024-03-08,22.46,"10.54","26.86","18.05","Trinidad Line Stations TH04, TH05","Euphausia pacifica (krill) adult mean biomass"
2024-04-19,89.5,"41.1","97.08","81.92","Trinidad Line Stations TH04, TH05","Euphausia pacifica (krill) adult mean biomass"
2024-05-24,710.18,"220.71","746.91","673.45","Trinidad Line Stations TH04, TH05","Euphausia pacifica (krill) adult mean biomass"
2024-07-05,174.8,"103.58","221.13","128.48","Trinidad Line Stations TH04, TH05","Euphausia pacifica (krill) adult mean biomass"
2024-08-01,1046.73,"446.17","1120.9","972.56","Trinidad Line Stations TH04, TH05","Euphausia pacifica (krill) adult mean biomass"
2024-09-04,129.99,"95.18","170.95","89.03","Trinidad Line Stations TH04, TH05","Euphausia pacifica (krill) adult mean biomass"
2007-11-08,2585.21,"809.58","121.282329011251","2463.93","Trinidad Line Stations TH04, TH05","Euphausia pacifica (krill) total mean biomass"
2007-12-11,54.61,"13","3.57513865288031","51.04","Trinidad Line Stations TH04, TH05","Euphausia pacifica (krill) total mean biomass"
2008-02-17,206.03,"76.73","11.2571305829505","194.78","Trinidad Line Stations TH04, TH05","Euphausia pacifica (krill) total mean biomass"
2008-03-05,1301.75,"431.22","62.3841993685025","1239.36","Trinidad Line Stations TH04, TH05","Euphausia pacifica (krill) total mean biomass"
2008-04-22,0.51,"0.14","0.0589347775035894","0.45","Trinidad Line Stations TH04, TH05","Euphausia pacifica (krill) total mean biomass"
2008-05-16,118.6,"42.14","7.64422449399668","110.96","Trinidad Line Stations TH04, TH05","Euphausia pacifica (krill) total mean biomass"
2008-06-20,3642.04,"1186.55","158.538612628777","3483.51","Trinidad Line Stations TH04, TH05","Euphausia pacifica (krill) total mean biomass"
2008-09-16,1243.51,"539.72","101.473765910532","1142.04","Trinidad Line Stations TH04, TH05","Euphausia pacifica (krill) total mean biomass"
2008-10-28,584.8,"194.12","28.8688953265379","555.93","Trinidad Line Stations TH04, TH05","Euphausia pacifica (krill) total mean biomass"
2009-01-14,157.42,"57.13","8.81157706756909","148.61","Trinidad Line Stations TH04, TH05","Euphausia pacifica (krill) total mean biomass"
2009-02-17,3838.98,"1381.52","201.243766923035","3637.74","Trinidad Line Stations TH04, TH05","Euphausia pacifica (krill) total mean biomass"
2009-03-19,1900.14,"622","88.9305569029304","1811.21","Trinidad Line Stations TH04, TH05","Euphausia pacifica (krill) total mean biomass"
2009-04-21,1811.43,"410.43","55.6618344171658","1755.77","Trinidad Line Stations TH04, TH05","Euphausia pacifica (krill) total mean biomass"
2009-06-01,1849.82,"365.74","54.2247747940029","1795.59","Trinidad Line Stations TH04, TH05","Euphausia pacifica (krill) total mean biomass"
2009-08-04,1408.55,"681.2","105.037754990409","1303.51","Trinidad Line Stations TH04, TH05","Euphausia pacifica (krill) total mean biomass"
2009-09-14,4216.02,"2732.34","499.732836014718","3716.28","Trinidad Line Stations TH04, TH05","Euphausia pacifica (krill) total mean biomass"
2009-10-29,2157.7,"935","151.199537373931","2006.5","Trinidad Line Stations TH04, TH05","Euphausia pacifica (krill) total mean biomass"
2010-01-31,485.37,"172.23","30.2055021337885","455.17","Trinidad Line Stations TH04, TH05","Euphausia pacifica (krill) total mean biomass"
2010-02-18,271.82,"106.42","21.5060199074562","250.31","Trinidad Line Stations TH04, TH05","Euphausia pacifica (krill) total mean biomass"
2010-04-13,56.7,"23.19","7.45099532468118","49.25","Trinidad Line Stations TH04, TH05","Euphausia pacifica (krill) total mean biomass"
2010-12-10,449.05,"245.29","44.6399201786215","404.41","Trinidad Line Stations TH04, TH05","Euphausia pacifica (krill) total mean biomass"
2011-02-20,121.7,"42.64","6.592618781569","115.1","Trinidad Line Stations TH04, TH05","Euphausia pacifica (krill) total mean biomass"
2011-04-16,1.6,"0.79","0.456852332877857","1.15","Trinidad Line Stations TH04, TH05","Euphausia pacifica (krill) total mean biomass"
2011-05-27,526.09,"197.92","34.6105938785745","491.48","Trinidad Line Stations TH04, TH05","Euphausia pacifica (krill) total mean biomass"
2011-06-28,1397.3,"589.46","79.2100741763482","1318.09","Trinidad Line Stations TH04, TH05","Euphausia pacifica (krill) total mean biomass"
2011-07-14,694.55,"344.78","47.4275111344216","647.13","Trinidad Line Stations TH04, TH05","Euphausia pacifica (krill) total mean biomass"
2011-08-02,2101.75,"590.95","102.470673745202","1999.27","Trinidad Line Stations TH04, TH05","Euphausia pacifica (krill) total mean biomass"
2011-09-12,468.64,"274.35","59.3971189049263","409.24","Trinidad Line Stations TH04, TH05","Euphausia pacifica (krill) total mean biomass"
2011-09-29,0.62,"0.15","0.0567079593811067","0.56","Trinidad Line Stations TH04, TH05","Euphausia pacifica (krill) total mean biomass"
2011-10-10,1466.67,"550.74","112.066377254342","1354.6","Trinidad Line Stations TH04, TH05","Euphausia pacifica (krill) total mean biomass"
2011-10-30,11.83,"2.61","0.665250176108628","11.17","Trinidad Line Stations TH04, TH05","Euphausia pacifica (krill) total mean biomass"
2011-11-15,1245.01,"438.35","82.1349756071529","1162.87","Trinidad Line Stations TH04, TH05","Euphausia pacifica (krill) total mean biomass"
2011-12-06,674.38,"358.4","73.5537537340431","600.82","Trinidad Line Stations TH04, TH05","Euphausia pacifica (krill) total mean biomass"
2012-01-29,1159.35,"421.54","64.7107323655555","1094.64","Trinidad Line Stations TH04, TH05","Euphausia pacifica (krill) total mean biomass"
2012-02-21,1557.21,"455.59","69.3056658208463","1487.91","Trinidad Line Stations TH04, TH05","Euphausia pacifica (krill) total mean biomass"
2012-03-08,207.33,"74.47","11.065921487864","196.26","Trinidad Line Stations TH04, TH05","Euphausia pacifica (krill) total mean biomass"
2012-04-05,145.75,"64.7","11.3168395019327","134.44","Trinidad Line Stations TH04, TH05","Euphausia pacifica (krill) total mean biomass"
2012-04-19,108.68,"44.79","8.10032115303481","100.58","Trinidad Line Stations TH04, TH05","Euphausia pacifica (krill) total mean biomass"
2012-05-22,2301.18,"539.26","92.4547118580456","2208.73","Trinidad Line Stations TH04, TH05","Euphausia pacifica (krill) total mean biomass"
2012-06-05,41.47,"17.98","4.20571317911524","37.27","Trinidad Line Stations TH04, TH05","Euphausia pacifica (krill) total mean biomass"
2012-06-24,56.71,"30.8","9.66882476746117","47.04","Trinidad Line Stations TH04, TH05","Euphausia pacifica (krill) total mean biomass"
2012-08-04,324.6,"150.96","28.0387051096922","296.56","Trinidad Line Stations TH04, TH05","Euphausia pacifica (krill) total mean biomass"
2012-09-06,569.85,"222.67","53.8181829457819","516.03","Trinidad Line Stations TH04, TH05","Euphausia pacifica (krill) total mean biomass"
2012-09-21,1391,"534.37","138.395447158362","1252.61","Trinidad Line Stations TH04, TH05","Euphausia pacifica (krill) total mean biomass"
2012-10-22,1237.92,"899.02","205.151418960263","1032.77","Trinidad Line Stations TH04, TH05","Euphausia pacifica (krill) total mean biomass"
2012-11-26,763.97,"461.91","82.8208276071908","681.15","Trinidad Line Stations TH04, TH05","Euphausia pacifica (krill) total mean biomass"
2012-12-14,128.06,"80.9","14.9701171456843","113.09","Trinidad Line Stations TH04, TH05","Euphausia pacifica (krill) total mean biomass"
2013-01-16,474.07,"319.71","57.9205044037499","416.14","Trinidad Line Stations TH04, TH05","Euphausia pacifica (krill) total mean biomass"
2013-02-15,363.55,"217.77","31.3476735102609","332.2","Trinidad Line Stations TH04, TH05","Euphausia pacifica (krill) total mean biomass"
2013-03-11,81.32,"11.62","2.99715132032108","78.32","Trinidad Line Stations TH04, TH05","Euphausia pacifica (krill) total mean biomass"
2013-05-06,628.92,"293.75","40.6467486356135","588.27","Trinidad Line Stations TH04, TH05","Euphausia pacifica (krill) total mean biomass"
2013-05-13,1927.19,"1025.44","161.788460734657","1765.4","Trinidad Line Stations TH04, TH05","Euphausia pacifica (krill) total mean biomass"
2013-05-29,177.76,"101.73","19.2289525630558","158.53","Trinidad Line Stations TH04, TH05","Euphausia pacifica (krill) total mean biomass"
2013-06-18,1025.82,"401.32","61.7875537975237","964.04","Trinidad Line Stations TH04, TH05","Euphausia pacifica (krill) total mean biomass"
2013-06-26,1031.34,"444.8","63.8086873447106","967.53","Trinidad Line Stations TH04, TH05","Euphausia pacifica (krill) total mean biomass"
2013-07-17,3208.07,"1136.55","153.151454498869","3054.92","Trinidad Line Stations TH04, TH05","Euphausia pacifica (krill) total mean biomass"
2013-07-23,23.37,"21.18","4.71517892049047","18.65","Trinidad Line Stations TH04, TH05","Euphausia pacifica (krill) total mean biomass"
2013-08-05,246.25,"124.73","34.6236911696132","211.62","Trinidad Line Stations TH04, TH05","Euphausia pacifica (krill) total mean biomass"
2013-08-26,1992.93,"1010.06","149.350602337086","1843.58","Trinidad Line Stations TH04, TH05","Euphausia pacifica (krill) total mean biomass"
2013-09-12,1411.46,"401.52","60.3272729556298","1351.13","Trinidad Line Stations TH04, TH05","Euphausia pacifica (krill) total mean biomass"
2013-10-15,1048.99,"387.01","52.8442696336527","996.15","Trinidad Line Stations TH04, TH05","Euphausia pacifica (krill) total mean biomass"
2013-10-24,1210.64,"632.35","104.375761686241","1106.26","Trinidad Line Stations TH04, TH05","Euphausia pacifica (krill) total mean biomass"
2013-11-12,141.55,"49.22","13.4183442904685","128.13","Trinidad Line Stations TH04, TH05","Euphausia pacifica (krill) total mean biomass"
2014-01-02,103.98,"64.84","15.2324283197422","88.75","Trinidad Line Stations TH04, TH05","Euphausia pacifica (krill) total mean biomass"
2014-01-16,295.88,"157.63","25.3486266868034","270.54","Trinidad Line Stations TH04, TH05","Euphausia pacifica (krill) total mean biomass"
2014-02-24,292.37,"87.04","16.9695766840469","275.4","Trinidad Line Stations TH04, TH05","Euphausia pacifica (krill) total mean biomass"
2014-04-02,428.59,"148.82","21.8771328840848","406.71","Trinidad Line Stations TH04, TH05","Euphausia pacifica (krill) total mean biomass"
2014-04-28,2306.15,"639.77","86.9835224256117","2219.17","Trinidad Line Stations TH04, TH05","Euphausia pacifica (krill) total mean biomass"
2014-06-12,1795.49,"574.95","87.968798282469","1707.52","Trinidad Line Stations TH04, TH05","Euphausia pacifica (krill) total mean biomass"
2014-07-15,1174,"654.12","189.564812766461","984.43","Trinidad Line Stations TH04, TH05","Euphausia pacifica (krill) total mean biomass"
2014-08-28,700.23,"491.89","149.006047044291","551.22","Trinidad Line Stations TH04, TH05","Euphausia pacifica (krill) total mean biomass"
2014-09-16,357.69,"282.14","58.5131341013023","299.18","Trinidad Line Stations TH04, TH05","Euphausia pacifica (krill) total mean biomass"
2014-10-27,902.42,"315.68","71.0734425147868","831.35","Trinidad Line Stations TH04, TH05","Euphausia pacifica (krill) total mean biomass"
2015-01-05,205.97,"65.88","10.1102798678296","195.86","Trinidad Line Stations TH04, TH05","Euphausia pacifica (krill) total mean biomass"
2015-01-13,85.31,"26.01","4.80245941699814","80.51","Trinidad Line Stations TH04, TH05","Euphausia pacifica (krill) total mean biomass"
2015-02-13,60.41,"9.49","3.52286350577045","56.88","Trinidad Line Stations TH04, TH05","Euphausia pacifica (krill) total mean biomass"
2015-03-10,702.34,"149.06","20.8445233107646","681.49","Trinidad Line Stations TH04, TH05","Euphausia pacifica (krill) total mean biomass"
2015-04-27,1695.35,"793.25","117.233582924666","1578.11","Trinidad Line Stations TH04, TH05","Euphausia pacifica (krill) total mean biomass"
2015-05-13,1080.81,"782.35","102.199428850831","978.61","Trinidad Line Stations TH04, TH05","Euphausia pacifica (krill) total mean biomass"
2015-08-02,482.87,"171.91","38.0509912540312","444.81","Trinidad Line Stations TH04, TH05","Euphausia pacifica (krill) total mean biomass"
2015-08-11,1166.34,"768.4","124.840398293931","1041.5","Trinidad Line Stations TH04, TH05","Euphausia pacifica (krill) total mean biomass"
2015-09-15,530.55,"338.95","49.0898031178435","481.46","Trinidad Line Stations TH04, TH05","Euphausia pacifica (krill) total mean biomass"
2015-10-19,539.37,"279.37","46.1043962650203","493.26","Trinidad Line Stations TH04, TH05","Euphausia pacifica (krill) total mean biomass"
2015-11-22,264.11,"102.8","15.016817228473","249.09","Trinidad Line Stations TH04, TH05","Euphausia pacifica (krill) total mean biomass"
2016-01-24,72.21,"36.54","7.29668506029446","64.92","Trinidad Line Stations TH04, TH05","Euphausia pacifica (krill) total mean biomass"
2016-02-09,44.02,"24.61","5.86840991452534","38.15","Trinidad Line Stations TH04, TH05","Euphausia pacifica (krill) total mean biomass"
2016-03-18,105.75,"73.13","22.4329858320842","83.32","Trinidad Line Stations TH04, TH05","Euphausia pacifica (krill) total mean biomass"
2016-04-19,257.89,"187.85","32.1120589212069","225.78","Trinidad Line Stations TH04, TH05","Euphausia pacifica (krill) total mean biomass"
2016-05-12,778.36,"588.6","87.1433129550951","691.21","Trinidad Line Stations TH04, TH05","Euphausia pacifica (krill) total mean biomass"
2016-06-14,425.4,"201.07","55.2389536970562","370.17","Trinidad Line Stations TH04, TH05","Euphausia pacifica (krill) total mean biomass"
2016-07-18,1641.65,"904.98","165.735871897203","1475.92","Trinidad Line Stations TH04, TH05","Euphausia pacifica (krill) total mean biomass"
2016-08-29,939.7,"694.46","152.738914903863","786.97","Trinidad Line Stations TH04, TH05","Euphausia pacifica (krill) total mean biomass"
2016-09-14,819.33,"417.46","63.8606114861946","755.47","Trinidad Line Stations TH04, TH05","Euphausia pacifica (krill) total mean biomass"
2016-11-21,494.6,"278.27","43.4377106167661","451.16","Trinidad Line Stations TH04, TH05","Euphausia pacifica (krill) total mean biomass"
2016-12-13,320.3,"149.07","22.6429690609737","297.66","Trinidad Line Stations TH04, TH05","Euphausia pacifica (krill) total mean biomass"
2017-01-27,312.54,"135.37","19.922466965762","292.62","Trinidad Line Stations TH04, TH05","Euphausia pacifica (krill) total mean biomass"
2017-02-13,161.32,"47.65","7.38091459960094","153.94","Trinidad Line Stations TH04, TH05","Euphausia pacifica (krill) total mean biomass"
2017-04-04,142.36,"93.29","14.9728843981843","127.39","Trinidad Line Stations TH04, TH05","Euphausia pacifica (krill) total mean biomass"
2017-04-25,1018.71,"587.07","95.3774394267472","923.33","Trinidad Line Stations TH04, TH05","Euphausia pacifica (krill) total mean biomass"
2017-05-30,787.86,"321.66","46.5499222808102","741.31","Trinidad Line Stations TH04, TH05","Euphausia pacifica (krill) total mean biomass"
2017-07-05,723.72,"276.18","42.4754739463592","681.24","Trinidad Line Stations TH04, TH05","Euphausia pacifica (krill) total mean biomass"
2017-09-05,400.43,"138.08","29.8553183304997","370.57","Trinidad Line Stations TH04, TH05","Euphausia pacifica (krill) total mean biomass"
2017-10-04,212,"114.42","16.7335416016481","195.27","Trinidad Line Stations TH04, TH05","Euphausia pacifica (krill) total mean biomass"
2017-12-05,1208.27,"686.81","103.756191952924","1104.52","Trinidad Line Stations TH04, TH05","Euphausia pacifica (krill) total mean biomass"
2018-02-08,631.78,"269.27","39.7265319966959","592.05","Trinidad Line Stations TH04, TH05","Euphausia pacifica (krill) total mean biomass"
2018-03-06,2254.29,"666.34","99.2388761188632","2155.05","Trinidad Line Stations TH04, TH05","Euphausia pacifica (krill) total mean biomass"
2018-04-25,3908.83,"1117.91","161.814279591498","3747.02","Trinidad Line Stations TH04, TH05","Euphausia pacifica (krill) total mean biomass"
2018-06-19,991.5,"499.49","71.722067426801","919.78","Trinidad Line Stations TH04, TH05","Euphausia pacifica (krill) total mean biomass"
2018-07-23,649.38,"308.78","64.4503293311156","584.93","Trinidad Line Stations TH04, TH05","Euphausia pacifica (krill) total mean biomass"
2018-08-30,806.52,"270.38","43.8259417593474","762.69","Trinidad Line Stations TH04, TH05","Euphausia pacifica (krill) total mean biomass"
2018-09-26,559.2,"253.03","41.1793570811102","518.02","Trinidad Line Stations TH04, TH05","Euphausia pacifica (krill) total mean biomass"
2018-10-23,522.15,"331.54","49.066113320502","473.08","Trinidad Line Stations TH04, TH05","Euphausia pacifica (krill) total mean biomass"
2018-12-04,172.1,"94.23","17.3351549845782","154.76","Trinidad Line Stations TH04, TH05","Euphausia pacifica (krill) total mean biomass"
2019-01-22,442.15,"199.45","30.7449190806303","411.4","Trinidad Line Stations TH04, TH05","Euphausia pacifica (krill) total mean biomass"
2019-02-28,332.81,"149.67","22.0018848056062","310.81","Trinidad Line Stations TH04, TH05","Euphausia pacifica (krill) total mean biomass"
2019-04-03,513.08,"230.49","34.2824539401197","478.8","Trinidad Line Stations TH04, TH05","Euphausia pacifica (krill) total mean biomass"
2019-04-18,231.67,"104.14","21.07784145802","210.59","Trinidad Line Stations TH04, TH05","Euphausia pacifica (krill) total mean biomass"
2019-06-11,1256.79,"699.21","103.465322646293","1153.32","Trinidad Line Stations TH04, TH05","Euphausia pacifica (krill) total mean biomass"
2019-07-09,338.78,"135.3","32.7419005349063","306.03","Trinidad Line Stations TH04, TH05","Euphausia pacifica (krill) total mean biomass"
2019-08-19,438.03,"233.67","44.2347523072333","393.8","Trinidad Line Stations TH04, TH05","Euphausia pacifica (krill) total mean biomass"
2019-10-30,881.72,"428.71","66.6747635335822","815.04","Trinidad Line Stations TH04, TH05","Euphausia pacifica (krill) total mean biomass"
2019-12-03,191.7,"103.14","17.1353738351387","174.57","Trinidad Line Stations TH04, TH05","Euphausia pacifica (krill) total mean biomass"
2020-01-06,66.16,"37.57","6.83127320958307","59.33","Trinidad Line Stations TH04, TH05","Euphausia pacifica (krill) total mean biomass"
2020-02-19,1027.92,"349.31","51.7058888188252","976.22","Trinidad Line Stations TH04, TH05","Euphausia pacifica (krill) total mean biomass"
2020-03-09,304.66,"78.2","11.1625098966167","293.5","Trinidad Line Stations TH04, TH05","Euphausia pacifica (krill) total mean biomass"
2020-06-10,5274.1,"1648.72","237.55703069861","5036.54","Trinidad Line Stations TH04, TH05","Euphausia pacifica (krill) total mean biomass"
2020-07-30,1131.23,"590.39","106.119253660565","1025.11","Trinidad Line Stations TH04, TH05","Euphausia pacifica (krill) total mean biomass"
2020-08-20,2023.66,"729.51","114.391120285578","1909.27","Trinidad Line Stations TH04, TH05","Euphausia pacifica (krill) total mean biomass"
2020-09-30,50.69,"20.47","4.2477463196735","46.44","Trinidad Line Stations TH04, TH05","Euphausia pacifica (krill) total mean biomass"
2020-10-29,1861.7,"672.63","106.398574905968","1755.3","Trinidad Line Stations TH04, TH05","Euphausia pacifica (krill) total mean biomass"
2021-06-22,906.24,"485","82.9486958100224","823.29","Trinidad Line Stations TH04, TH05","Euphausia pacifica (krill) total mean biomass"
2021-07-27,88.18,"45.82","10.3650241117794","77.82","Trinidad Line Stations TH04, TH05","Euphausia pacifica (krill) total mean biomass"
2021-09-07,2314.32,"956.07","146.181427104936","2168.14","Trinidad Line Stations TH04, TH05","Euphausia pacifica (krill) total mean biomass"
2021-11-14,1441.68,"777.13","136.794393847191","1304.88","Trinidad Line Stations TH04, TH05","Euphausia pacifica (krill) total mean biomass"
2021-12-06,117.18,"62.23","10.470903658511","106.71","Trinidad Line Stations TH04, TH05","Euphausia pacifica (krill) total mean biomass"
2022-01-17,264.14,"118.7","17.4614041031427","246.68","Trinidad Line Stations TH04, TH05","Euphausia pacifica (krill) total mean biomass"
2022-02-13,670.24,"245.71","35.7689559041905","634.48","Trinidad Line Stations TH04, TH05","Euphausia pacifica (krill) total mean biomass"
2022-03-17,604.77,"185.1","32.5298009466826","572.24","Trinidad Line Stations TH04, TH05","Euphausia pacifica (krill) total mean biomass"
2022-04-14,536.21,"309.97","50.5079622038882","485.7","Trinidad Line Stations TH04, TH05","Euphausia pacifica (krill) total mean biomass"
2022-05-18,240.88,"140.7","26.2909275393189","214.59","Trinidad Line Stations TH04, TH05","Euphausia pacifica (krill) total mean biomass"
2022-07-08,252.36,"126.6","19.9176793083381","232.45","Trinidad Line Stations TH04, TH05","Euphausia pacifica (krill) total mean biomass"
2022-08-22,270.32,"138.54","37.2609791688625","233.06","Trinidad Line Stations TH04, TH05","Euphausia pacifica (krill) total mean biomass"
2022-09-12,1644.29,"815.24","148.043725240416","1496.24","Trinidad Line Stations TH04, TH05","Euphausia pacifica (krill) total mean biomass"
2022-10-16,311.59,"131.42","20.4644200141028","291.12","Trinidad Line Stations TH04, TH05","Euphausia pacifica (krill) total mean biomass"
2022-11-10,166.8,"69.89","17.4195093905682","149.38","Trinidad Line Stations TH04, TH05","Euphausia pacifica (krill) total mean biomass"
2022-12-06,189.29,"80.78","16.037110333316","173.25","Trinidad Line Stations TH04, TH05","Euphausia pacifica (krill) total mean biomass"
2023-02-09,482.12,"221.84","32.6667613187994","449.46","Trinidad Line Stations TH04, TH05","Euphausia pacifica (krill) total mean biomass"
2023-03-17,1097.57,"258.34","52.2034217989486","1045.37","Trinidad Line Stations TH04, TH05","Euphausia pacifica (krill) total mean biomass"
2023-04-04,230.54,"122.8","26.3788509530701","204.16","Trinidad Line Stations TH04, TH05","Euphausia pacifica (krill) total mean biomass"
2023-05-10,2211.23,"1522.44","224.184903920631","1987.05","Trinidad Line Stations TH04, TH05","Euphausia pacifica (krill) total mean biomass"
2023-06-08,218.54,"172.18","25.7066310478786","192.84","Trinidad Line Stations TH04, TH05","Euphausia pacifica (krill) total mean biomass"
2023-07-09,810.47,"300.18","66.7535377768374","743.72","Trinidad Line Stations TH04, TH05","Euphausia pacifica (krill) total mean biomass"
2023-08-09,1944.98,"868.22","145.628709118506","1799.35","Trinidad Line Stations TH04, TH05","Euphausia pacifica (krill) total mean biomass"
2023-09-22,1446.22,"645.58","101.479419906936","1344.74","Trinidad Line Stations TH04, TH05","Euphausia pacifica (krill) total mean biomass"
2023-10-31,398.26,"213.18","36.7214735532489","361.54","Trinidad Line Stations TH04, TH05","Euphausia pacifica (krill) total mean biomass"
2023-11-29,73.17,"27.97","6.41521404321022","66.75","Trinidad Line Stations TH04, TH05","Euphausia pacifica (krill) total mean biomass"
2024-03-08,30.04,"15","6.32470319779523","23.72","Trinidad Line Stations TH04, TH05","Euphausia pacifica (krill) total mean biomass"
2024-04-19,98.49,"45.28","8.5682117134422","89.92","Trinidad Line Stations TH04, TH05","Euphausia pacifica (krill) total mean biomass"
2024-05-24,734.36,"232.13","39.4882409851899","694.87","Trinidad Line Stations TH04, TH05","Euphausia pacifica (krill) total mean biomass"
2024-07-05,706.78,"320.29","91.3861799219478","615.39","Trinidad Line Stations TH04, TH05","Euphausia pacifica (krill) total mean biomass"
2024-08-01,1502.79,"658.2","116.773676576947","1386.02","Trinidad Line Stations TH04, TH05","Euphausia pacifica (krill) total mean biomass"
2024-09-04,530.94,"342.24","90.8646329642686","440.07","Trinidad Line Stations TH04, TH05","Euphausia pacifica (krill) total mean biomass"
2007-11-08,2.74,"","","","Trinidad Line Stations TH04, TH05","Euphausia pacifica (krill) length anomaly"
2007-12-11,3.81,"","","","Trinidad Line Stations TH04, TH05","Euphausia pacifica (krill) length anomaly"
2008-02-17,1.77,"","","","Trinidad Line Stations TH04, TH05","Euphausia pacifica (krill) length anomaly"
2008-03-05,1.74,"","","","Trinidad Line Stations TH04, TH05","Euphausia pacifica (krill) length anomaly"
2008-04-22,NA,"","","","Trinidad Line Stations TH04, TH05","Euphausia pacifica (krill) length anomaly"
2008-05-16,2.86,"","","","Trinidad Line Stations TH04, TH05","Euphausia pacifica (krill) length anomaly"
2008-06-20,3.74,"","","","Trinidad Line Stations TH04, TH05","Euphausia pacifica (krill) length anomaly"
2008-09-16,1.78,"","","","Trinidad Line Stations TH04, TH05","Euphausia pacifica (krill) length anomaly"
2008-10-28,3.68,"","","","Trinidad Line Stations TH04, TH05","Euphausia pacifica (krill) length anomaly"
2009-01-14,3.07,"","","","Trinidad Line Stations TH04, TH05","Euphausia pacifica (krill) length anomaly"
2009-02-17,1.23,"","","","Trinidad Line Stations TH04, TH05","Euphausia pacifica (krill) length anomaly"
2009-03-19,0.66,"","","","Trinidad Line Stations TH04, TH05","Euphausia pacifica (krill) length anomaly"
2009-04-21,3.37,"","","","Trinidad Line Stations TH04, TH05","Euphausia pacifica (krill) length anomaly"
2009-06-01,3.29,"","","","Trinidad Line Stations TH04, TH05","Euphausia pacifica (krill) length anomaly"
2009-08-04,2.35,"","","","Trinidad Line Stations TH04, TH05","Euphausia pacifica (krill) length anomaly"
2009-09-14,0.28,"","","","Trinidad Line Stations TH04, TH05","Euphausia pacifica (krill) length anomaly"
2009-10-29,-0.21,"","","","Trinidad Line Stations TH04, TH05","Euphausia pacifica (krill) length anomaly"
2010-01-31,1.24,"","","","Trinidad Line Stations TH04, TH05","Euphausia pacifica (krill) length anomaly"
2010-02-18,0.74,"","","","Trinidad Line Stations TH04, TH05","Euphausia pacifica (krill) length anomaly"
2010-04-13,-3.13,"","","","Trinidad Line Stations TH04, TH05","Euphausia pacifica (krill) length anomaly"
2010-12-10,-0.53,"","","","Trinidad Line Stations TH04, TH05","Euphausia pacifica (krill) length anomaly"
2011-02-20,-0.93,"","","","Trinidad Line Stations TH04, TH05","Euphausia pacifica (krill) length anomaly"
2011-04-16,NA,"","","","Trinidad Line Stations TH04, TH05","Euphausia pacifica (krill) length anomaly"
2011-05-27,1.88,"","","","Trinidad Line Stations TH04, TH05","Euphausia pacifica (krill) length anomaly"
2011-06-28,1.89,"","","","Trinidad Line Stations TH04, TH05","Euphausia pacifica (krill) length anomaly"
2011-07-14,0.7,"","","","Trinidad Line Stations TH04, TH05","Euphausia pacifica (krill) length anomaly"
2011-08-02,3.07,"","","","Trinidad Line Stations TH04, TH05","Euphausia pacifica (krill) length anomaly"
2011-09-12,0.25,"","","","Trinidad Line Stations TH04, TH05","Euphausia pacifica (krill) length anomaly"
2011-09-29,NA,"","","","Trinidad Line Stations TH04, TH05","Euphausia pacifica (krill) length anomaly"
2011-10-10,-0.85,"","","","Trinidad Line Stations TH04, TH05","Euphausia pacifica (krill) length anomaly"
2011-10-30,NA,"","","","Trinidad Line Stations TH04, TH05","Euphausia pacifica (krill) length anomaly"
2011-11-15,-1.08,"","","","Trinidad Line Stations TH04, TH05","Euphausia pacifica (krill) length anomaly"
2011-12-06,-0.99,"","","","Trinidad Line Stations TH04, TH05","Euphausia pacifica (krill) length anomaly"
2012-01-29,-0.6,"","","","Trinidad Line Stations TH04, TH05","Euphausia pacifica (krill) length anomaly"
2012-02-21,0.65,"","","","Trinidad Line Stations TH04, TH05","Euphausia pacifica (krill) length anomaly"
2012-03-08,-0.09,"","","","Trinidad Line Stations TH04, TH05","Euphausia pacifica (krill) length anomaly"
2012-04-05,0.01,"","","","Trinidad Line Stations TH04, TH05","Euphausia pacifica (krill) length anomaly"
2012-04-19,-0.86,"","","","Trinidad Line Stations TH04, TH05","Euphausia pacifica (krill) length anomaly"
2012-05-22,1.33,"","","","Trinidad Line Stations TH04, TH05","Euphausia pacifica (krill) length anomaly"
2012-06-05,0.54,"","","","Trinidad Line Stations TH04, TH05","Euphausia pacifica (krill) length anomaly"
2012-06-24,-1.93,"","","","Trinidad Line Stations TH04, TH05","Euphausia pacifica (krill) length anomaly"
2012-08-04,1.87,"","","","Trinidad Line Stations TH04, TH05","Euphausia pacifica (krill) length anomaly"
2012-09-06,-1.09,"","","","Trinidad Line Stations TH04, TH05","Euphausia pacifica (krill) length anomaly"
2012-09-21,0.54,"","","","Trinidad Line Stations TH04, TH05","Euphausia pacifica (krill) length anomaly"
2012-10-22,1.39,"","","","Trinidad Line Stations TH04, TH05","Euphausia pacifica (krill) length anomaly"
2012-11-26,-0.12,"","","","Trinidad Line Stations TH04, TH05","Euphausia pacifica (krill) length anomaly"
2012-12-14,-1.73,"","","","Trinidad Line Stations TH04, TH05","Euphausia pacifica (krill) length anomaly"
2013-01-16,-0.02,"","","","Trinidad Line Stations TH04, TH05","Euphausia pacifica (krill) length anomaly"
2013-02-15,-0.74,"","","","Trinidad Line Stations TH04, TH05","Euphausia pacifica (krill) length anomaly"
2013-03-11,2.16,"","","","Trinidad Line Stations TH04, TH05","Euphausia pacifica (krill) length anomaly"
2013-05-06,1.25,"","","","Trinidad Line Stations TH04, TH05","Euphausia pacifica (krill) length anomaly"
2013-05-13,0.8,"","","","Trinidad Line Stations TH04, TH05","Euphausia pacifica (krill) length anomaly"
2013-05-29,-2.96,"","","","Trinidad Line Stations TH04, TH05","Euphausia pacifica (krill) length anomaly"
2013-06-18,2.4,"","","","Trinidad Line Stations TH04, TH05","Euphausia pacifica (krill) length anomaly"
2013-06-26,2.37,"","","","Trinidad Line Stations TH04, TH05","Euphausia pacifica (krill) length anomaly"
2013-07-17,2.45,"","","","Trinidad Line Stations TH04, TH05","Euphausia pacifica (krill) length anomaly"
2013-07-23,-2.58,"","","","Trinidad Line Stations TH04, TH05","Euphausia pacifica (krill) length anomaly"
2013-08-05,1.19,"","","","Trinidad Line Stations TH04, TH05","Euphausia pacifica (krill) length anomaly"
2013-08-26,1.27,"","","","Trinidad Line Stations TH04, TH05","Euphausia pacifica (krill) length anomaly"
2013-09-12,3,"","","","Trinidad Line Stations TH04, TH05","Euphausia pacifica (krill) length anomaly"
2013-10-15,3.17,"","","","Trinidad Line Stations TH04, TH05","Euphausia pacifica (krill) length anomaly"
2013-10-24,1.03,"","","","Trinidad Line Stations TH04, TH05","Euphausia pacifica (krill) length anomaly"
2013-11-12,2.9,"","","","Trinidad Line Stations TH04, TH05","Euphausia pacifica (krill) length anomaly"
2014-01-02,-0.09,"","","","Trinidad Line Stations TH04, TH05","Euphausia pacifica (krill) length anomaly"
2014-01-16,0.09,"","","","Trinidad Line Stations TH04, TH05","Euphausia pacifica (krill) length anomaly"
2014-02-24,-0.28,"","","","Trinidad Line Stations TH04, TH05","Euphausia pacifica (krill) length anomaly"
2014-04-02,1.57,"","","","Trinidad Line Stations TH04, TH05","Euphausia pacifica (krill) length anomaly"
2014-04-28,2.48,"","","","Trinidad Line Stations TH04, TH05","Euphausia pacifica (krill) length anomaly"
2014-06-12,2.51,"","","","Trinidad Line Stations TH04, TH05","Euphausia pacifica (krill) length anomaly"
2014-07-15,-0.24,"","","","Trinidad Line Stations TH04, TH05","Euphausia pacifica (krill) length anomaly"
2014-08-28,-2.38,"","","","Trinidad Line Stations TH04, TH05","Euphausia pacifica (krill) length anomaly"
2014-09-16,-4.04,"","","","Trinidad Line Stations TH04, TH05","Euphausia pacifica (krill) length anomaly"
2014-10-27,-2.35,"","","","Trinidad Line Stations TH04, TH05","Euphausia pacifica (krill) length anomaly"
2015-01-05,-2.66,"","","","Trinidad Line Stations TH04, TH05","Euphausia pacifica (krill) length anomaly"
2015-01-13,-2.33,"","","","Trinidad Line Stations TH04, TH05","Euphausia pacifica (krill) length anomaly"
2015-02-13,-0.78,"","","","Trinidad Line Stations TH04, TH05","Euphausia pacifica (krill) length anomaly"
2015-03-10,0.7,"","","","Trinidad Line Stations TH04, TH05","Euphausia pacifica (krill) length anomaly"
2015-04-27,-0.24,"","","","Trinidad Line Stations TH04, TH05","Euphausia pacifica (krill) length anomaly"
2015-05-13,-0.6,"","","","Trinidad Line Stations TH04, TH05","Euphausia pacifica (krill) length anomaly"
2015-08-02,-4.13,"","","","Trinidad Line Stations TH04, TH05","Euphausia pacifica (krill) length anomaly"
2015-08-11,-2.63,"","","","Trinidad Line Stations TH04, TH05","Euphausia pacifica (krill) length anomaly"
2015-09-15,-3.3,"","","","Trinidad Line Stations TH04, TH05","Euphausia pacifica (krill) length anomaly"
2015-10-19,-1.39,"","","","Trinidad Line Stations TH04, TH05","Euphausia pacifica (krill) length anomaly"
2015-11-22,-1.47,"","","","Trinidad Line Stations TH04, TH05","Euphausia pacifica (krill) length anomaly"
2016-01-24,-1.81,"","","","Trinidad Line Stations TH04, TH05","Euphausia pacifica (krill) length anomaly"
2016-02-09,-2.05,"","","","Trinidad Line Stations TH04, TH05","Euphausia pacifica (krill) length anomaly"
2016-03-18,-1.93,"","","","Trinidad Line Stations TH04, TH05","Euphausia pacifica (krill) length anomaly"
2016-04-19,-1.91,"","","","Trinidad Line Stations TH04, TH05","Euphausia pacifica (krill) length anomaly"
2016-05-12,-3.47,"","","","Trinidad Line Stations TH04, TH05","Euphausia pacifica (krill) length anomaly"
2016-06-14,-2.38,"","","","Trinidad Line Stations TH04, TH05","Euphausia pacifica (krill) length anomaly"
2016-07-18,-2.28,"","","","Trinidad Line Stations TH04, TH05","Euphausia pacifica (krill) length anomaly"
2016-08-29,-2.18,"","","","Trinidad Line Stations TH04, TH05","Euphausia pacifica (krill) length anomaly"
2016-09-14,-1.6,"","","","Trinidad Line Stations TH04, TH05","Euphausia pacifica (krill) length anomaly"
2016-11-21,-1.68,"","","","Trinidad Line Stations TH04, TH05","Euphausia pacifica (krill) length anomaly"
2016-12-13,-1.1,"","","","Trinidad Line Stations TH04, TH05","Euphausia pacifica (krill) length anomaly"
2017-01-27,-0.31,"","","","Trinidad Line Stations TH04, TH05","Euphausia pacifica (krill) length anomaly"
2017-02-13,0.41,"","","","Trinidad Line Stations TH04, TH05","Euphausia pacifica (krill) length anomaly"
2017-04-04,-2.98,"","","","Trinidad Line Stations TH04, TH05","Euphausia pacifica (krill) length anomaly"
2017-04-25,-0.73,"","","","Trinidad Line Stations TH04, TH05","Euphausia pacifica (krill) length anomaly"
2017-05-30,0.99,"","","","Trinidad Line Stations TH04, TH05","Euphausia pacifica (krill) length anomaly"
2017-07-05,-0.79,"","","","Trinidad Line Stations TH04, TH05","Euphausia pacifica (krill) length anomaly"
2017-09-05,1.53,"","","","Trinidad Line Stations TH04, TH05","Euphausia pacifica (krill) length anomaly"
2017-10-04,1.53,"","","","Trinidad Line Stations TH04, TH05","Euphausia pacifica (krill) length anomaly"
2017-12-05,-0.5,"","","","Trinidad Line Stations TH04, TH05","Euphausia pacifica (krill) length anomaly"
2018-02-08,-0.02,"","","","Trinidad Line Stations TH04, TH05","Euphausia pacifica (krill) length anomaly"
2018-03-06,0.68,"","","","Trinidad Line Stations TH04, TH05","Euphausia pacifica (krill) length anomaly"
2018-04-25,2.12,"","","","Trinidad Line Stations TH04, TH05","Euphausia pacifica (krill) length anomaly"
2018-06-19,0.99,"","","","Trinidad Line Stations TH04, TH05","Euphausia pacifica (krill) length anomaly"
2018-07-23,0.87,"","","","Trinidad Line Stations TH04, TH05","Euphausia pacifica (krill) length anomaly"
2018-08-30,1.91,"","","","Trinidad Line Stations TH04, TH05","Euphausia pacifica (krill) length anomaly"
2018-09-26,0.85,"","","","Trinidad Line Stations TH04, TH05","Euphausia pacifica (krill) length anomaly"
2018-10-23,-0.15,"","","","Trinidad Line Stations TH04, TH05","Euphausia pacifica (krill) length anomaly"
2018-12-04,-0.22,"","","","Trinidad Line Stations TH04, TH05","Euphausia pacifica (krill) length anomaly"
2019-01-22,0.08,"","","","Trinidad Line Stations TH04, TH05","Euphausia pacifica (krill) length anomaly"
2019-02-28,-1.35,"","","","Trinidad Line Stations TH04, TH05","Euphausia pacifica (krill) length anomaly"
2019-04-03,0.11,"","","","Trinidad Line Stations TH04, TH05","Euphausia pacifica (krill) length anomaly"
2019-04-18,-5.46,"","","","Trinidad Line Stations TH04, TH05","Euphausia pacifica (krill) length anomaly"
2019-06-11,-0.79,"","","","Trinidad Line Stations TH04, TH05","Euphausia pacifica (krill) length anomaly"
2019-07-09,-3.22,"","","","Trinidad Line Stations TH04, TH05","Euphausia pacifica (krill) length anomaly"
2019-08-19,-0.17,"","","","Trinidad Line Stations TH04, TH05","Euphausia pacifica (krill) length anomaly"
2019-10-30,-0.26,"","","","Trinidad Line Stations TH04, TH05","Euphausia pacifica (krill) length anomaly"
2019-12-03,-0.38,"","","","Trinidad Line Stations TH04, TH05","Euphausia pacifica (krill) length anomaly"
2020-01-06,-0.7,"","","","Trinidad Line Stations TH04, TH05","Euphausia pacifica (krill) length anomaly"
2020-02-19,1.27,"","","","Trinidad Line Stations TH04, TH05","Euphausia pacifica (krill) length anomaly"
2020-03-09,1.49,"","","","Trinidad Line Stations TH04, TH05","Euphausia pacifica (krill) length anomaly"
2020-06-10,1.62,"","","","Trinidad Line Stations TH04, TH05","Euphausia pacifica (krill) length anomaly"
2020-07-30,0.19,"","","","Trinidad Line Stations TH04, TH05","Euphausia pacifica (krill) length anomaly"
2020-08-20,2.08,"","","","Trinidad Line Stations TH04, TH05","Euphausia pacifica (krill) length anomaly"
2020-09-30,-1.83,"","","","Trinidad Line Stations TH04, TH05","Euphausia pacifica (krill) length anomaly"
2020-10-29,-0.47,"","","","Trinidad Line Stations TH04, TH05","Euphausia pacifica (krill) length anomaly"
2021-06-22,0.74,"","","","Trinidad Line Stations TH04, TH05","Euphausia pacifica (krill) length anomaly"
2021-07-27,-2.71,"","","","Trinidad Line Stations TH04, TH05","Euphausia pacifica (krill) length anomaly"
2021-09-07,-0.61,"","","","Trinidad Line Stations TH04, TH05","Euphausia pacifica (krill) length anomaly"
2021-11-14,0.25,"","","","Trinidad Line Stations TH04, TH05","Euphausia pacifica (krill) length anomaly"
2021-12-06,0.24,"","","","Trinidad Line Stations TH04, TH05","Euphausia pacifica (krill) length anomaly"
2022-01-17,-0.26,"","","","Trinidad Line Stations TH04, TH05","Euphausia pacifica (krill) length anomaly"
2022-02-13,-0.68,"","","","Trinidad Line Stations TH04, TH05","Euphausia pacifica (krill) length anomaly"
2022-03-17,0.96,"","","","Trinidad Line Stations TH04, TH05","Euphausia pacifica (krill) length anomaly"
2022-04-14,-0.78,"","","","Trinidad Line Stations TH04, TH05","Euphausia pacifica (krill) length anomaly"
2022-05-18,-2.16,"","","","Trinidad Line Stations TH04, TH05","Euphausia pacifica (krill) length anomaly"
2022-07-08,-0.01,"","","","Trinidad Line Stations TH04, TH05","Euphausia pacifica (krill) length anomaly"
2022-08-22,-1.01,"","","","Trinidad Line Stations TH04, TH05","Euphausia pacifica (krill) length anomaly"
2022-09-12,-0.07,"","","","Trinidad Line Stations TH04, TH05","Euphausia pacifica (krill) length anomaly"
2022-10-16,0.48,"","","","Trinidad Line Stations TH04, TH05","Euphausia pacifica (krill) length anomaly"
2022-11-10,0.05,"","","","Trinidad Line Stations TH04, TH05","Euphausia pacifica (krill) length anomaly"
2022-12-06,0.66,"","","","Trinidad Line Stations TH04, TH05","Euphausia pacifica (krill) length anomaly"
2023-02-09,-0.45,"","","","Trinidad Line Stations TH04, TH05","Euphausia pacifica (krill) length anomaly"
2023-03-17,2.15,"","","","Trinidad Line Stations TH04, TH05","Euphausia pacifica (krill) length anomaly"
2023-04-04,-1.28,"","","","Trinidad Line Stations TH04, TH05","Euphausia pacifica (krill) length anomaly"
2023-05-10,-0.71,"","","","Trinidad Line Stations TH04, TH05","Euphausia pacifica (krill) length anomaly"
2023-06-08,-2.33,"","","","Trinidad Line Stations TH04, TH05","Euphausia pacifica (krill) length anomaly"
2023-07-09,0.08,"","","","Trinidad Line Stations TH04, TH05","Euphausia pacifica (krill) length anomaly"
2023-08-09,-0.26,"","","","Trinidad Line Stations TH04, TH05","Euphausia pacifica (krill) length anomaly"
2023-09-22,0.83,"","","","Trinidad Line Stations TH04, TH05","Euphausia pacifica (krill) length anomaly"
2023-10-31,-2.35,"","","","Trinidad Line Stations TH04, TH05","Euphausia pacifica (krill) length anomaly"
2023-11-29,-1.49,"","","","Trinidad Line Stations TH04, TH05","Euphausia pacifica (krill) length anomaly"
2024-03-08,-1.51,"","","","Trinidad Line Stations TH04, TH05","Euphausia pacifica (krill) length anomaly"
2024-04-19,0.27,"","","","Trinidad Line Stations TH04, TH05","Euphausia pacifica (krill) length anomaly"
2024-05-24,1.84,"","","","Trinidad Line Stations TH04, TH05","Euphausia pacifica (krill) length anomaly"
2024-07-05,-0.08,"","","","Trinidad Line Stations TH04, TH05","Euphausia pacifica (krill) length anomaly"
2024-08-01,-0.15,"","","","Trinidad Line Stations TH04, TH05","Euphausia pacifica (krill) length anomaly"
2024-09-04,-0.1,"","","","Trinidad Line Stations TH04, TH05","Euphausia pacifica (krill) length anomaly"
2007-11-08,1920.42510497283,"","","","Trinidad Line Stations TH04, TH05","Euphausia pacifica (krill) total biomass anomaly"
2007-12-11,-409.678388609772,"","","","Trinidad Line Stations TH04, TH05","Euphausia pacifica (krill) total biomass anomaly"
2008-02-17,-378.694477406676,"","","","Trinidad Line Stations TH04, TH05","Euphausia pacifica (krill) total biomass anomaly"
2008-03-05,635.185958987276,"","","","Trinidad Line Stations TH04, TH05","Euphausia pacifica (krill) total biomass anomaly"
2008-04-22,NA,"","","","Trinidad Line Stations TH04, TH05","Euphausia pacifica (krill) total biomass anomaly"
2008-05-16,-837.243276970972,"","","","Trinidad Line Stations TH04, TH05","Euphausia pacifica (krill) total biomass anomaly"
2008-06-20,2623.94658258031,"","","","Trinidad Line Stations TH04, TH05","Euphausia pacifica (krill) total biomass anomaly"
2008-09-16,123.106012043846,"","","","Trinidad Line Stations TH04, TH05","Euphausia pacifica (krill) total biomass anomaly"
2008-10-28,-12.0851398637167,"","","","Trinidad Line Stations TH04, TH05","Euphausia pacifica (krill) total biomass anomaly"
2009-01-14,-317.011076261092,"","","","Trinidad Line Stations TH04, TH05","Euphausia pacifica (krill) total biomass anomaly"
2009-02-17,3197.72079663484,"","","","Trinidad Line Stations TH04, TH05","Euphausia pacifica (krill) total biomass anomaly"
2009-03-19,1150.80639357504,"","","","Trinidad Line Stations TH04, TH05","Euphausia pacifica (krill) total biomass anomaly"
2009-04-21,938.295797358441,"","","","Trinidad Line Stations TH04, TH05","Euphausia pacifica (krill) total biomass anomaly"
2009-06-01,849.51986171405,"","","","Trinidad Line Stations TH04, TH05","Euphausia pacifica (krill) total biomass anomaly"
2009-08-04,392.139738467648,"","","","Trinidad Line Stations TH04, TH05","Euphausia pacifica (krill) total biomass anomaly"
2009-09-14,2065.27587135383,"","","","Trinidad Line Stations TH04, TH05","Euphausia pacifica (krill) total biomass anomaly"
2009-10-29,602.017007076695,"","","","Trinidad Line Stations TH04, TH05","Euphausia pacifica (krill) total biomass anomaly"
2010-01-31,-102.702757861622,"","","","Trinidad Line Stations TH04, TH05","Euphausia pacifica (krill) total biomass anomaly"
2010-02-18,-323.392222318121,"","","","Trinidad Line Stations TH04, TH05","Euphausia pacifica (krill) total biomass anomaly"
2010-04-13,-801.106944458902,"","","","Trinidad Line Stations TH04, TH05","Euphausia pacifica (krill) total biomass anomaly"
2010-12-10,-132.044827964609,"","","","Trinidad Line Stations TH04, TH05","Euphausia pacifica (krill) total biomass anomaly"
2011-02-20,-472.25304786185,"","","","Trinidad Line Stations TH04, TH05","Euphausia pacifica (krill) total biomass anomaly"
2011-04-16,NA,"","","","Trinidad Line Stations TH04, TH05","Euphausia pacifica (krill) total biomass anomaly"
2011-05-27,-458.091642422317,"","","","Trinidad Line Stations TH04, TH05","Euphausia pacifica (krill) total biomass anomaly"
2011-06-28,1676.36869569293,"","","","Trinidad Line Stations TH04, TH05","Euphausia pacifica (krill) total biomass anomaly"
2011-07-14,-339.056728080566,"","","","Trinidad Line Stations TH04, TH05","Euphausia pacifica (krill) total biomass anomaly"
2011-08-02,1076.09123067564,"","","","Trinidad Line Stations TH04, TH05","Euphausia pacifica (krill) total biomass anomaly"
2011-09-12,-460.046703536884,"","","","Trinidad Line Stations TH04, TH05","Euphausia pacifica (krill) total biomass anomaly"
2011-09-29,NA,"","","","Trinidad Line Stations TH04, TH05","Euphausia pacifica (krill) total biomass anomaly"
2011-10-10,-85.0004962794806,"","","","Trinidad Line Stations TH04, TH05","Euphausia pacifica (krill) total biomass anomaly"
2011-10-30,NA,"","","","Trinidad Line Stations TH04, TH05","Euphausia pacifica (krill) total biomass anomaly"
2011-11-15,183.845105451844,"","","","Trinidad Line Stations TH04, TH05","Euphausia pacifica (krill) total biomass anomaly"
2011-12-06,-244.036087520662,"","","","Trinidad Line Stations TH04, TH05","Euphausia pacifica (krill) total biomass anomaly"
2012-01-29,472.735413733405,"","","","Trinidad Line Stations TH04, TH05","Euphausia pacifica (krill) total biomass anomaly"
2012-02-21,910.64336552818,"","","","Trinidad Line Stations TH04, TH05","Euphausia pacifica (krill) total biomass anomaly"
2012-03-08,-475.542093447049,"","","","Trinidad Line Stations TH04, TH05","Euphausia pacifica (krill) total biomass anomaly"
2012-04-05,-667.793663919738,"","","","Trinidad Line Stations TH04, TH05","Euphausia pacifica (krill) total biomass anomaly"
2012-04-19,-780.313148681948,"","","","Trinidad Line Stations TH04, TH05","Euphausia pacifica (krill) total biomass anomaly"
2012-05-22,1284.22236183013,"","","","Trinidad Line Stations TH04, TH05","Euphausia pacifica (krill) total biomass anomaly"
2012-06-05,-920.320608131805,"","","","Trinidad Line Stations TH04, TH05","Euphausia pacifica (krill) total biomass anomaly"
2012-06-24,-973.219643152014,"","","","Trinidad Line Stations TH04, TH05","Euphausia pacifica (krill) total biomass anomaly"
2012-08-04,-601.424479998621,"","","","Trinidad Line Stations TH04, TH05","Euphausia pacifica (krill) total biomass anomaly"
2012-09-06,-655.153521386499,"","","","Trinidad Line Stations TH04, TH05","Euphausia pacifica (krill) total biomass anomaly"
2012-09-21,-100.911354857886,"","","","Trinidad Line Stations TH04, TH05","Euphausia pacifica (krill) total biomass anomaly"
2012-10-22,186.262955472975,"","","","Trinidad Line Stations TH04, TH05","Euphausia pacifica (krill) total biomass anomaly"
2012-11-26,15.3227731915995,"","","","Trinidad Line Stations TH04, TH05","Euphausia pacifica (krill) total biomass anomaly"
2012-12-14,-288.099047733701,"","","","Trinidad Line Stations TH04, TH05","Euphausia pacifica (krill) total biomass anomaly"
2013-01-16,-185.41950122502,"","","","Trinidad Line Stations TH04, TH05","Euphausia pacifica (krill) total biomass anomaly"
2013-02-15,-228.16103977393,"","","","Trinidad Line Stations TH04, TH05","Euphausia pacifica (krill) total biomass anomaly"
2013-03-11,-611.592932652514,"","","","Trinidad Line Stations TH04, TH05","Euphausia pacifica (krill) total biomass anomaly"
2013-05-06,-301.557556146928,"","","","Trinidad Line Stations TH04, TH05","Euphausia pacifica (krill) total biomass anomaly"
2013-05-13,906.971602534537,"","","","Trinidad Line Stations TH04, TH05","Euphausia pacifica (krill) total biomass anomaly"
2013-05-29,-856.807170551784,"","","","Trinidad Line Stations TH04, TH05","Euphausia pacifica (krill) total biomass anomaly"
2013-06-18,-1.52808579457485,"","","","Trinidad Line Stations TH04, TH05","Euphausia pacifica (krill) total biomass anomaly"
2013-06-26,25.1180479621046,"","","","Trinidad Line Stations TH04, TH05","Euphausia pacifica (krill) total biomass anomaly"
2013-07-17,2202.68948492369,"","","","Trinidad Line Stations TH04, TH05","Euphausia pacifica (krill) total biomass anomaly"
2013-07-23,-924.046382279017,"","","","Trinidad Line Stations TH04, TH05","Euphausia pacifica (krill) total biomass anomaly"
2013-08-05,-662.215597552932,"","","","Trinidad Line Stations TH04, TH05","Euphausia pacifica (krill) total biomass anomaly"
2013-08-26,1059.40243092068,"","","","Trinidad Line Stations TH04, TH05","Euphausia pacifica (krill) total biomass anomaly"
2013-09-12,659.601757357891,"","","","Trinidad Line Stations TH04, TH05","Euphausia pacifica (krill) total biomass anomaly"
2013-10-15,427.206480512749,"","","","Trinidad Line Stations TH04, TH05","Euphausia pacifica (krill) total biomass anomaly"
2013-10-24,293.066403814012,"","","","Trinidad Line Stations TH04, TH05","Euphausia pacifica (krill) total biomass anomaly"
2013-11-12,-371.534156367987,"","","","Trinidad Line Stations TH04, TH05","Euphausia pacifica (krill) total biomass anomaly"
2014-01-02,-395.781940718378,"","","","Trinidad Line Stations TH04, TH05","Euphausia pacifica (krill) total biomass anomaly"
2014-01-16,-206.178729032041,"","","","Trinidad Line Stations TH04, TH05","Euphausia pacifica (krill) total biomass anomaly"
2014-02-24,-326.02378126316,"","","","Trinidad Line Stations TH04, TH05","Euphausia pacifica (krill) total biomass anomaly"
2014-04-02,-357.061047120313,"","","","Trinidad Line Stations TH04, TH05","Euphausia pacifica (krill) total biomass anomaly"
2014-04-28,1410.73738890728,"","","","Trinidad Line Stations TH04, TH05","Euphausia pacifica (krill) total biomass anomaly"
2014-06-12,758.710153411399,"","","","Trinidad Line Stations TH04, TH05","Euphausia pacifica (krill) total biomass anomaly"
2014-07-15,-401.773594847504,"","","","Trinidad Line Stations TH04, TH05","Euphausia pacifica (krill) total biomass anomaly"
2014-08-28,-543.839411526872,"","","","Trinidad Line Stations TH04, TH05","Euphausia pacifica (krill) total biomass anomaly"
2014-09-16,-521.553168993443,"","","","Trinidad Line Stations TH04, TH05","Euphausia pacifica (krill) total biomass anomaly"
2014-10-27,-132.571372089323,"","","","Trinidad Line Stations TH04, TH05","Euphausia pacifica (krill) total biomass anomaly"
2015-01-05,-255.180281412778,"","","","Trinidad Line Stations TH04, TH05","Euphausia pacifica (krill) total biomass anomaly"
2015-01-13,-382.638757287031,"","","","Trinidad Line Stations TH04, TH05","Euphausia pacifica (krill) total biomass anomaly"
2015-02-13,-507.357101542505,"","","","Trinidad Line Stations TH04, TH05","Euphausia pacifica (krill) total biomass anomaly"
2015-03-10,19.2031466328375,"","","","Trinidad Line Stations TH04, TH05","Euphausia pacifica (krill) total biomass anomaly"
2015-04-27,625.830306308471,"","","","Trinidad Line Stations TH04, TH05","Euphausia pacifica (krill) total biomass anomaly"
2015-05-13,91.0287196683771,"","","","Trinidad Line Stations TH04, TH05","Euphausia pacifica (krill) total biomass anomaly"
2015-08-02,-751.625493516796,"","","","Trinidad Line Stations TH04, TH05","Euphausia pacifica (krill) total biomass anomaly"
2015-08-11,-25.551895880282,"","","","Trinidad Line Stations TH04, TH05","Euphausia pacifica (krill) total biomass anomaly"
2015-09-15,-316.33762358691,"","","","Trinidad Line Stations TH04, TH05","Euphausia pacifica (krill) total biomass anomaly"
2015-10-19,-154.277349790582,"","","","Trinidad Line Stations TH04, TH05","Euphausia pacifica (krill) total biomass anomaly"
2015-11-22,-243.331589198579,"","","","Trinidad Line Stations TH04, TH05","Euphausia pacifica (krill) total biomass anomaly"
2016-01-24,-433.602825133582,"","","","Trinidad Line Stations TH04, TH05","Euphausia pacifica (krill) total biomass anomaly"
2016-02-09,-510.804954479857,"","","","Trinidad Line Stations TH04, TH05","Euphausia pacifica (krill) total biomass anomaly"
2016-03-18,-674.236668569039,"","","","Trinidad Line Stations TH04, TH05","Euphausia pacifica (krill) total biomass anomaly"
2016-04-19,-635.539384961737,"","","","Trinidad Line Stations TH04, TH05","Euphausia pacifica (krill) total biomass anomaly"
2016-05-12,-270.417395137183,"","","","Trinidad Line Stations TH04, TH05","Euphausia pacifica (krill) total biomass anomaly"
2016-06-14,-640.20900573038,"","","","Trinidad Line Stations TH04, TH05","Euphausia pacifica (krill) total biomass anomaly"
2016-07-18,-39.0751869370819,"","","","Trinidad Line Stations TH04, TH05","Euphausia pacifica (krill) total biomass anomaly"
2016-08-29,-435.044721160167,"","","","Trinidad Line Stations TH04, TH05","Euphausia pacifica (krill) total biomass anomaly"
2016-09-14,-78.5477022946537,"","","","Trinidad Line Stations TH04, TH05","Euphausia pacifica (krill) total biomass anomaly"
2016-11-21,-110.802673883352,"","","","Trinidad Line Stations TH04, TH05","Euphausia pacifica (krill) total biomass anomaly"
2016-12-13,-173.051648465516,"","","","Trinidad Line Stations TH04, TH05","Euphausia pacifica (krill) total biomass anomaly"
2017-01-27,-196.442794995591,"","","","Trinidad Line Stations TH04, TH05","Euphausia pacifica (krill) total biomass anomaly"
2017-02-13,-406.0568786812,"","","","Trinidad Line Stations TH04, TH05","Euphausia pacifica (krill) total biomass anomaly"
2017-04-04,-681.303940604097,"","","","Trinidad Line Stations TH04, TH05","Euphausia pacifica (krill) total biomass anomaly"
2017-04-25,31.3388090193428,"","","","Trinidad Line Stations TH04, TH05","Euphausia pacifica (krill) total biomass anomaly"
2017-05-30,-203.508812056304,"","","","Trinidad Line Stations TH04, TH05","Euphausia pacifica (krill) total biomass anomaly"
2017-07-05,-283.803463488037,"","","","Trinidad Line Stations TH04, TH05","Euphausia pacifica (krill) total biomass anomaly"
2017-09-05,-528.165804925178,"","","","Trinidad Line Stations TH04, TH05","Euphausia pacifica (krill) total biomass anomaly"
2017-10-04,-432.072166464169,"","","","Trinidad Line Stations TH04, TH05","Euphausia pacifica (krill) total biomass anomaly"
2017-12-05,534.855092334098,"","","","Trinidad Line Stations TH04, TH05","Euphausia pacifica (krill) total biomass anomaly"
2018-02-08,78.488319037335,"","","","Trinidad Line Stations TH04, TH05","Euphausia pacifica (krill) total biomass anomaly"
2018-03-06,1556.28775968592,"","","","Trinidad Line Stations TH04, TH05","Euphausia pacifica (krill) total biomass anomaly"
2018-04-25,2982.82880330007,"","","","Trinidad Line Stations TH04, TH05","Euphausia pacifica (krill) total biomass anomaly"
2018-06-19,-42.1473127164594,"","","","Trinidad Line Stations TH04, TH05","Euphausia pacifica (krill) total biomass anomaly"
2018-07-23,-455.261668999398,"","","","Trinidad Line Stations TH04, TH05","Euphausia pacifica (krill) total biomass anomaly"
2018-08-30,-13.7932177180893,"","","","Trinidad Line Stations TH04, TH05","Euphausia pacifica (krill) total biomass anomaly"
2018-09-26,-321.022099480839,"","","","Trinidad Line Stations TH04, TH05","Euphausia pacifica (krill) total biomass anomaly"
2018-10-23,-141.721249329375,"","","","Trinidad Line Stations TH04, TH05","Euphausia pacifica (krill) total biomass anomaly"
2018-12-04,-300.952508561088,"","","","Trinidad Line Stations TH04, TH05","Euphausia pacifica (krill) total biomass anomaly"
2019-01-22,-75.1983561105966,"","","","Trinidad Line Stations TH04, TH05","Euphausia pacifica (krill) total biomass anomaly"
2019-02-28,-314.660993362161,"","","","Trinidad Line Stations TH04, TH05","Euphausia pacifica (krill) total biomass anomaly"
2019-04-03,-308.553066722001,"","","","Trinidad Line Stations TH04, TH05","Euphausia pacifica (krill) total biomass anomaly"
2019-04-18,-788.761271287482,"","","","Trinidad Line Stations TH04, TH05","Euphausia pacifica (krill) total biomass anomaly"
2019-06-11,227.447125112692,"","","","Trinidad Line Stations TH04, TH05","Euphausia pacifica (krill) total biomass anomaly"
2019-07-09,-893.436277350936,"","","","Trinidad Line Stations TH04, TH05","Euphausia pacifica (krill) total biomass anomaly"
2019-08-19,-504.00711287345,"","","","Trinidad Line Stations TH04, TH05","Euphausia pacifica (krill) total biomass anomaly"
2019-10-30,35.3661578812081,"","","","Trinidad Line Stations TH04, TH05","Euphausia pacifica (krill) total biomass anomaly"
2019-12-03,-296.878290446399,"","","","Trinidad Line Stations TH04, TH05","Euphausia pacifica (krill) total biomass anomaly"
2020-01-06,-418.361591354234,"","","","Trinidad Line Stations TH04, TH05","Euphausia pacifica (krill) total biomass anomaly"
2020-02-19,419.786516370927,"","","","Trinidad Line Stations TH04, TH05","Euphausia pacifica (krill) total biomass anomaly"
2020-03-09,-367.246264088091,"","","","Trinidad Line Stations TH04, TH05","Euphausia pacifica (krill) total biomass anomaly"
2020-06-10,4165.46695883984,"","","","Trinidad Line Stations TH04, TH05","Euphausia pacifica (krill) total biomass anomaly"
2020-07-30,-33.1776572030535,"","","","Trinidad Line Stations TH04, TH05","Euphausia pacifica (krill) total biomass anomaly"
2020-08-20,1090.25088735391,"","","","Trinidad Line Stations TH04, TH05","Euphausia pacifica (krill) total biomass anomaly"
2020-09-30,-633.010170037608,"","","","Trinidad Line Stations TH04, TH05","Euphausia pacifica (krill) total biomass anomaly"
2020-10-29,768.619000702887,"","","","Trinidad Line Stations TH04, TH05","Euphausia pacifica (krill) total biomass anomaly"
2021-06-22,-453.64764736674,"","","","Trinidad Line Stations TH04, TH05","Euphausia pacifica (krill) total biomass anomaly"
2021-07-27,-883.845206541536,"","","","Trinidad Line Stations TH04, TH05","Euphausia pacifica (krill) total biomass anomaly"
2021-09-07,912.775568953514,"","","","Trinidad Line Stations TH04, TH05","Euphausia pacifica (krill) total biomass anomaly"
2021-11-14,321.410468937247,"","","","Trinidad Line Stations TH04, TH05","Euphausia pacifica (krill) total biomass anomaly"
2021-12-06,-363.36220206959,"","","","Trinidad Line Stations TH04, TH05","Euphausia pacifica (krill) total biomass anomaly"
2022-01-17,-217.234274426372,"","","","Trinidad Line Stations TH04, TH05","Euphausia pacifica (krill) total biomass anomaly"
2022-02-13,94.4241836778532,"","","","Trinidad Line Stations TH04, TH05","Euphausia pacifica (krill) total biomass anomaly"
2022-03-17,-123.878645394722,"","","","Trinidad Line Stations TH04, TH05","Euphausia pacifica (krill) total biomass anomaly"
2022-04-14,-366.949621617899,"","","","Trinidad Line Stations TH04, TH05","Euphausia pacifica (krill) total biomass anomaly"
2022-05-18,-795.830806649093,"","","","Trinidad Line Stations TH04, TH05","Euphausia pacifica (krill) total biomass anomaly"
2022-07-08,-782.201842316688,"","","","Trinidad Line Stations TH04, TH05","Euphausia pacifica (krill) total biomass anomaly"
2022-08-22,-691.686840656249,"","","","Trinidad Line Stations TH04, TH05","Euphausia pacifica (krill) total biomass anomaly"
2022-09-12,257.51852867837,"","","","Trinidad Line Stations TH04, TH05","Euphausia pacifica (krill) total biomass anomaly"
2022-10-16,-320.49894443344,"","","","Trinidad Line Stations TH04, TH05","Euphausia pacifica (krill) total biomass anomaly"
2022-11-10,-451.068696945217,"","","","Trinidad Line Stations TH04, TH05","Euphausia pacifica (krill) total biomass anomaly"
2022-12-06,-347.872554527775,"","","","Trinidad Line Stations TH04, TH05","Euphausia pacifica (krill) total biomass anomaly"
2023-02-09,-83.513667367358,"","","","Trinidad Line Stations TH04, TH05","Euphausia pacifica (krill) total biomass anomaly"
2023-03-17,276.752911922081,"","","","Trinidad Line Stations TH04, TH05","Euphausia pacifica (krill) total biomass anomaly"
2023-04-04,-724.264134438443,"","","","Trinidad Line Stations TH04, TH05","Euphausia pacifica (krill) total biomass anomaly"
2023-05-10,1074.63944913468,"","","","Trinidad Line Stations TH04, TH05","Euphausia pacifica (krill) total biomass anomaly"
2023-06-08,-786.947278506107,"","","","Trinidad Line Stations TH04, TH05","Euphausia pacifica (krill) total biomass anomaly"
2023-07-09,-330.194178842759,"","","","Trinidad Line Stations TH04, TH05","Euphausia pacifica (krill) total biomass anomaly"
2023-08-09,453.885505625514,"","","","Trinidad Line Stations TH04, TH05","Euphausia pacifica (krill) total biomass anomaly"
2023-09-22,360.886264173253,"","","","Trinidad Line Stations TH04, TH05","Euphausia pacifica (krill) total biomass anomaly"
2023-10-31,-184.135863600036,"","","","Trinidad Line Stations TH04, TH05","Euphausia pacifica (krill) total biomass anomaly"
2023-11-29,-403.796796658945,"","","","Trinidad Line Stations TH04, TH05","Euphausia pacifica (krill) total biomass anomaly"
2024-03-08,-643.681764210441,"","","","Trinidad Line Stations TH04, TH05","Euphausia pacifica (krill) total biomass anomaly"
2024-04-19,-770.889324802108,"","","","Trinidad Line Stations TH04, TH05","Euphausia pacifica (krill) total biomass anomaly"
2024-05-24,-262.486833024087,"","","","Trinidad Line Stations TH04, TH05","Euphausia pacifica (krill) total biomass anomaly"
2024-07-05,-808.626631779741,"","","","Trinidad Line Stations TH04, TH05","Euphausia pacifica (krill) total biomass anomaly"
2024-08-01,139.421308554857,"","","","Trinidad Line Stations TH04, TH05","Euphausia pacifica (krill) total biomass anomaly"
2024-09-04,-629.29073792971,"","","","Trinidad Line Stations TH04, TH05","Euphausia pacifica (krill) total biomass anomaly"
